Recipient.Name,Std.Recipient.Name
"ABDUL-AHAD, UMOJA O.N.","ABDUL-AHAD, UMOJA O.N."
"ABERNATHY, KIMI","ABERNATHY, KIMI"
"ABNEY, CAROL VENEA","ABNEY, CAROL VENEA"
"ACUFF, JAMES","ACUFF, JAMES"
"ACUFF, ROBERT (BOB)","ACUFF, ROBERT (BOB)"
"ACUFF, W. I. HOWELL (HOWIE)","ACUFF, W. I. HOWELL (HOWIE)"
"ADAMS, SHARON ""LAYNE""","ADAMS, SHARON (LAYNE)"
"AGOSTINI, KEIFEL","AGOSTINI, KEIFEL"
"AIKENS, TONY R.","AIKENS, TONY R."
"AILOR, BILL","AILOR, BILL"
"AKARD, JOE MIKE","AKARD, JOE MIKE"
"AKBARI, RAUMESH","AKBARI, RAUMESH"
"AKBARI (HOUSE), RAUMESH","AKBARI, RAUMESH"
"ALBERTINI, MARK","ALBERTINI, MARK"
"ALBRIGHT, CONNEYE  THOMPSON","ALBRIGHT, CONNEYE  THOMPSON"
"ALDERMAN, ROSS","ALDERMAN, ROSS"
"ALEXANDER, DAVID","ALEXANDER, DAVID"
"ALEXANDER, DON","ALEXANDER, DON"
"ALEXANDER, REBECCA","ALEXANDER, REBECCA"
"ALEXANDER, SAM","ALEXANDER, SAM"
"ALI, HANA","ALI, HANA"
"ALJABBARY, MWAFAQ","ALJABBARY, MWAFAQ"
"ALLEN, ANGELA CHARME","ALLEN, ANGELA CHARME"
"ALLERS, TONY","ALLERS, TONY"
"ALLMAN, ANDY","ALLMAN, ANDY"
"ALSOBROOKS, DAN","ALSOBROOKS, DAN"
"ANDREUCCETTI, JOHN","ANDREUCCETTI, JOHN"
"ANDREWS, VENITA MARTIN","ANDREWS, VENITA MARTIN"
"ANGEL, JUSTIN","ANGEL, JUSTIN"
"ARGANBRIGHT, DEANE","ARGANBRIGHT, DEANE"
"ARMSTRONG REEDY, AMY","ARMSTRONG REEDY, AMY"
"ARMSTRONG, DAN E.","ARMSTRONG, DAN E."
"ARMSTRONG, JOE","ARMSTRONG, JOE"
"ARNETT, SHELLY","ARNETT, SHELLY"
"ARNOLD, JACK","ARNOLD, JACK"
"ARP, DOYLE","ARP, DOYLE"
"ARROWOOD, JOSHUA","ARROWOOD, JOSHUA"
"ASBURY, ELIZABETH C.","ASBURY, ELIZABETH C."
"ASHWORTH, JULIE BYRD","ASHWORTH, JULIE BYRD"
"ATKINS, CHRISTOPHER","ATKINS, CHRISTOPHER"
"ATKINS, KYLE","ATKINS, KYLE"
"ATWOOD, JO","ATWOOD, JO"
"AULGUR, GORDON","AULGUR, GORDON"
"AYERS, JILL BARTEE","AYERS, JILL BARTEE"
"BABIAN, EDGAR A.","BABIAN, EDGAR A."
"BAER, THOMAS","BAER, THOMAS"
"BAGNELL, JASON","BAGNELL, JASON"
"BAILEY, D'ARMY","BAILEY, D'ARMY"
"BAILEY, PAUL","BAILEY, PAUL"
"BAIN, CLEVELAND DERRICK","BAIN, CLEVELAND DERRICK"
"BAIRD, EDWARD","BAIRD, EDWARD"
"BAIRD, WILLIAM","BAIRD, WILLIAM"
"BAKER, JOHN C.","BAKER, JOHN C."
"BAKER, JOSEPH A. (JOE)","BAKER, JOSEPH A. (JOE)"
"BALDWIN, EDWARD (ED)","BALDWIN, EDWARD (ED)"
"BALLEW, LU ANN","BALLEW, LU ANN"
"BALLINGER, JAMIE","BALLINGER, JAMIE"
"BANKSTON, ANN","BANKSTON, ANN"
"BARBER, HARRY","BARBER, HARRY"
"BARKER, ANN","BARKER, ANN"
"BARKER, JUDY","BARKER, JUDY"
"BARNES, TIM","BARNES, TIM"
"BARNETT, HANK","BARNETT, HANK"
"BARNETT, JUDY","BARNETT, JUDY"
"BARNWELL, BOB","BARNWELL, BOB"
"BARRETT, JEFFERY","BARRETT, JEFFERY"
"BARRY, ALLEN","BARRY, ALLEN"
"BASCOM, GLEN","BASCOM, GLEN"
"BASS, EDDIE","BASS, EDDIE"
"BATEMAN, ROBERT","BATEMAN, ROBERT"
"BATES, ANN GABBERT","BATES, ANN GABBERT"
"BATES, CHUCK","BATES, CHUCK"
"BATT, BRAD","BATT, BRAD"
"BAUHS, RAYMOND E.","BAUHS, RAYMOND E."
"BAUM, CHARLIE","BAUM, CHARLIE"
"BAXTER(2004), JAMES","BAXTER, JAMES"
"BAXTER, JAMES A.","BAXTER, JAMES"
"BAXTER, MARY RENE","BAXTER, MARY RENE"
"BEAVERS, MAE","BEAVERS, MAE"
"BEAVERS (SENATE), MAE","BEAVERS, MAE"
"BEBB, STEVE","BEBB, STEVE"
"BECK, BILL","BECK, BILL"
"BELL, MARY ESTHER","BELL, MARY ESTHER"
"BELL, MIKE","BELL, MIKE"
"BELLAR, BRANDEN","BELLAR, BRANDEN"
"BELOTE, DAVID","BELOTE, DAVID"
"BENNETT III, ANDREW F.","BENNETT III, ANDREW F."
"BENNETT, J. B.","BENNETT, J. B."
"BENNETT, KAREN","BENNETT, KAREN"
"BENNETT, LARRY","BENNETT, LARRY"
"BENNINGTON, L. BROCK","BENNINGTON, L. BROCK"
"BERKE, ANDREW","BERKE, ANDREW"
"BERNARD, JENNINGS","BERNARD, JENNINGS"
"BERNSTEIN, BILL","BERNSTEIN, BILL"
"BESSER, KEN","BESSER, KEN"
"BIBB, ROBERT (BOB)","BIBB, ROBERT (BOB)"
"BINKLEY, BAYRON","BINKLEY, BAYRON"
"BINKLEY, GARY ALLEN","BINKLEY, GARY ALLEN"
"BINKLEY, JR., JOE P.","BINKLEY, JR., JOE P."
"BINKLEY, MICHAEL W.","BINKLEY, MICHAEL W."
"BIRDSONG, DAVID R.","BIRDSONG, DAVID R."
"BISHOP, JIM","BISHOP, JIM"
"BIVINS, JEFFREY S.","BIVINS, JEFFREY S."
"BLACK, DIANE","BLACK, DIANE"
"BLACK (2012), DIANE","BLACK, DIANE"
"BLACKBURN, CHERYL","BLACKBURN, CHERYL"
"BLACKWELL, SR., STEPHEN","BLACKWELL, SR., STEPHEN"
"BLAKLEY, MARK","BLAKLEY, MARK"
"BLALOCK, DAVETTE","BLALOCK, DAVETTE"
"BLANTON, BARBARA","BLANTON, BARBARA"
"BLEDSOE, SAM","BLEDSOE, SAM"
"BLETNER, JAMES","BLETNER, JAMES"
"BLEVINS, MISSY THOMAS","BLEVINS, MISSY THOMAS"
"BLOUNT, STEVEN M.","BLOUNT, STEVEN M."
"BOHLING, LAURA","BOHLING, LAURA"
"BONDURANT, BRYAN","BONDURANT, BRYAN"
"BONE, STRATTON","BONE, STRATTON"
"BONNYMAN, CLAUDIA C.","BONNYMAN, CLAUDIA C."
"BORCHERT, BILLY","BORCHERT, BILLY"
"BORCHERT, WILLIE (BUTCH)","BORCHERT, WILLIE (BUTCH)"
"BORCK, GORDON","BORCK, GORDON"
"BORGES, JUAN","BORGES, JUAN"
"BOTTOMS, JEFF","BOTTOMS, JEFF"
"BOUNDS, PATTI","BOUNDS, PATTI"
"BOWERS, KATHRYN","BOWERS, KATHRYN"
"BOWERS (SENATE), KATHRYN","BOWERS, KATHRYN"
"BOWLES, LEE","BOWLES, LEE"
"BOWLING, JANICE","BOWLING, JANICE"
"BOYD, CLARK","BOYD, CLARK"
"BOYD, RANDY","BOYD, RANDY"
"BRABSON, VANDERBILT","BRABSON, VANDERBILT"
"BRADLEY, TOMMY","BRADLEY, TOMMY"
"BRADY, DAVID","BRADY, DAVID"
"BRADY, STERLINA INEZ","BRADY, STERLINA INEZ"
"BRAGG, DAVID","BRAGG, DAVID"
"BRAY, WESLEY THOMAS","BRAY, WESLEY THOMAS"
"BREDESEN, PHIL","BREDESEN, PHIL"
"BREEDING, SHELLEY S.","BREEDING, SHELLEY S."
"BREWER, BRIAN K.","BREWER, BRIAN K."
"BREWER, MARIA","BREWER, MARIA"
"BREWER, RICK","BREWER, RICK"
"BREWER, TROY","BREWER, TROY"
"BREWER, WILLIAM BROCK","BREWER, WILLIAM BROCK"
"BRICCO, RORY","BRICCO, RORY"
"BRICKEN, RUSH","BRICKEN, RUSH"
"BRIGGS, RICHARD","BRIGGS, RICHARD"
"BRILEY, ROB","BRILEY, ROB"
"BRITTENHAM, LINDA KING","BRITTENHAM, LINDA KING"
"BROCK, OSCAR","BROCK, OSCAR"
"BROLLIER, CARL D.","BROLLIER, CARL D."
"BROOKS, AMBERLEE","BROOKS, AMBERLEE"
"BROOKS, DENNIS","BROOKS, DENNIS"
"BROOKS, ERNEST T.","BROOKS, ERNEST T."
"BROOKS, HARRY","BROOKS, HARRY"
"BROOKS, HENRI","BROOKS, HENRI"
"BROOKS, KENYA","BROOKS, KENYA"
"BROOKS, KEVIN","BROOKS, KEVIN"
"BROWN, CHRIS","BROWN, CHRIS"
"BROWN, JOHN","BROWN, JOHN"
"BROWN, JOHN A","BROWN, JOHN A"
"BROWN, JOSEPH B.","BROWN, JOSEPH B."
"BROWN, SAM","BROWN, SAM"
"BROWN, TOMMIE","BROWN, TOMMIE"
"BROWN, WILLIAM J.","BROWN, WILLIAM J."
"BRUNELLE, ANDY","BRUNELLE, ANDY"
"BRYAN, VANESSA  PETTIGREW","BRYAN, VANESSA  PETTIGREW"
"BRYANT, DAN","BRYANT, DAN"
"BRYSON, JAMES","BRYSON, JAMES"
"BRYSON, JIM","BRYSON, JAMES"
"BUCK, FRANK FORREST","BUCK, FRANK FORREST"
"BULLOCK NEAL, MERRIEL","BULLOCK NEAL, MERRIEL"
"BULSO, JR., EUGENE N.","BULSO, JR., EUGENE N."
"BUNCH, DEWAYNE","BUNCH, DEWAYNE"
"BUNCH (HOUSE), DEWAYNE","BUNCH, DEWAYNE"
"BURCHETT, BETTY M.","BURCHETT, BETTY M."
"BURCHETT, TIM","BURCHETT, TIM"
"BURGESS, ERNEST","BURGESS, ERNEST"
"BURGESS, J. LEE","BURGESS, J. LEE"
"BURK, BO","BURK, BO"
"BURK, MARSHALL WYATT","BURK, MARSHALL WYATT"
"BURKE, REBECCA ANN","BURKE, REBECCA ANN"
"BURKHART, JEFF","BURKHART, JEFF"
"BURKS, CHARLOTTE","BURKS, CHARLOTTE"
"BURNETT, MATTHEW","BURNETT, MATTHEW"
"BURNS, ARTHUR RAY","BURNS, ARTHUR RAY"
"BURROW, LATONYA SUE","BURROW, LATONYA SUE"
"BUSH, JAY","BUSH, JAY"
"BUTLER, ED","BUTLER, ED"
"BUTT, SHEILA","BUTT, SHEILA"
"BYNUM, DENNIS","BYNUM, DENNIS"
"BYRD, CLARA","BYRD, CLARA"
"BYRD, DAVID","BYRD, DAVID"
"BYRD, JULIE A.","BYRD, JULIE A."
"BYRGE, ROGER","BYRGE, ROGER"
"CAGLE, WILLIAM MARK","CAGLE, WILLIAM MARK"
"CAIN, GREG","CAIN, GREG"
"CAIN, VICKI C.","CAIN, VICKI C."
"CALDWELL, JOE","CALDWELL, JOE"
"CALFEE, KENT","CALFEE, KENT"
"CALLAWAY, CHRISTINA","CALLAWAY, CHRISTINA"
"CALLIS, ANGELA","CALLIS, ANGELA"
"CAMBRON, DAVID","CAMBRON, DAVID"
"CAMMACK, WARD","CAMMACK, WARD"
"CAMP, RANDY","CAMP, RANDY"
"CAMPBELL, COLIN","CAMPBELL, COLIN"
"CAMPBELL, HEIDI","CAMPBELL, HEIDI"
"CAMPBELL, JAMES G.","CAMPBELL, JAMES G."
"CAMPBELL, JOHN W.","CAMPBELL, JOHN W."
"CAMPBELL, SCOTTY","CAMPBELL, SCOTTY"
"CAMPBELL, SETH JAMES","CAMPBELL, SETH JAMES"
"CAMPBELL, TONY","CAMPBELL, TONY"
"CAMPBELL, WILLIAM S. (BILL)","CAMPBELL, WILLIAM S. (BILL)"
"CAMPER, KAREN","CAMPER, KAREN"
"CAMPFIELD, STACEY","CAMPFIELD, STACEY"
"CANADA, DIANE MICHEL","CANADA, DIANE MICHEL"
"CANE, CHRISTINE","CANE, CHRISTINE"
"CANNON, JESSE","CANNON, JESSE"
"CANTRELL, NICHOLE (NICKI)","CANTRELL, NICHOLE (NICKI)"
"CANTRELL, STEVEN","CANTRELL, STEVEN"
"CARBAUGH, GARY","CARBAUGH, GARY"
"CARFI, MARY ALICE","CARFI, MARY ALICE"
"CARL, RICHARD","CARL, RICHARD"
"CARNEAL, BILLY PAUL","CARNEAL, BILLY PAUL"
"CARNEAL, PATRICK","CARNEAL, PATRICK"
"CARNEY, JR., JOHN","CARNEY, JR., JOHN"
"CARPENTER, JAMES","CARPENTER, JAMES"
"CARR, BRUCE DALE","CARR, BRUCE DALE"
"CARR, JOE","CARR, JOE"
"CARRIGER, PHILLIP R.","CARRIGER, PHILLIP R."
"CARRINGER, MICHELE","CARRINGER, MICHELE"
"CARROLL, AUSTIN","CARROLL, AUSTIN"
"CARROLL, MICHAEL","CARROLL, MICHAEL"
"CARSON, KAREN","CARSON, KAREN"
"CARTER, BOBBY","CARTER, BOBBY"
"CARTER, MIKE","CARTER, MIKE"
"CARTER, ROBERT JAMES","CARTER, ROBERT JAMES"
"CASADA, GLEN","CASADA, GLEN"
"CASH, TOM","CASH, TOM"
"CASKEY, GRADY E.","CASKEY, GRADY E."
"CASSADY, CALVIN","CASSADY, CALVIN"
"CASTLE, GUTHRIE","CASTLE, GUTHRIE"
"CASTLEMAN, BENNIE W.","CASTLEMAN, BENNIE W."
"CEPICKY, SCOTT","CEPICKY, SCOTT"
"CHANCE, ERIC","CHANCE, ERIC"
"CHARLES, JUANITA","CHARLES, JUANITA"
"CHESSER, JAMES","CHESSER, JAMES"
"CHILDERS, ROBERT L.","CHILDERS, ROBERT L."
"CHILDERS, STEPHEN","CHILDERS, STEPHEN"
"CHILDRESS, CHERI","CHILDRESS, CHERI"
"CHISM, GEORGE","CHISM, GEORGE"
"CHISM, JESSE","CHISM, JESSE"
"CHRISTIAN, STEPHEN","CHRISTIAN, STEPHEN"
"CHUMNEY, CAROL","CHUMNEY, CAROL"
"CLABOUGH, BILL","CLABOUGH, BILL"
"CLARK, ANTHONY","CLARK, ANTHONY"
"CLARK, CORNELIA","CLARK, CORNELIA"
"CLARK, DAVE","CLARK, DAVE"
"CLARK, DAVID","CLARK, DAVID"
"CLARK, DENNIS","CLARK, DENNIS"
"CLARK, DOUG","CLARK, DOUG"
"CLARK, DOYLE","CLARK, DOYLE"
"CLARK, JAY","CLARK, JAY"
"CLARK, JR., RICHARD","CLARK, JR., RICHARD"
"CLAYBAKER, BEN","CLAYBAKER, BEN"
"CLAYTON, TERRY","CLAYTON, TERRY"
"CLEM, CHRIS","CLEM, CHRIS"
"CLEMENT, FRANK","CLEMENT, FRANK"
"CLEMMONS, JOHN RAY","CLEMMONS, JOHN RAY"
"CLEMONS, CHASE","CLEMONS, CHASE"
"CLEMONS, PHILLIP TERRY","CLEMONS, PHILLIP TERRY"
"CLOTFELTER, KEITH","CLOTFELTER, KEITH"
"COBB, CURT","COBB, CURT"
"COBB, JAMES","COBB, JAMES"
"COBB, TY","COBB, TY"
"COBB, II, TY","COBB, TY"
"COCHRAN, JEROME","COCHRAN, JEROME"
"COCHRAN, MARK","COCHRAN, MARK"
"COFFEE, LEE V.","COFFEE, LEE V."
"COFFMAN, RUSTY","COFFMAN, RUSTY"
"COGGIN, ADAM","COGGIN, ADAM"
"COHEN, STEVE","COHEN, STEVE"
"COKER, JEFF","COKER, JEFF"
"COKER, TIM","COKER, TIM"
"COLBURN, DEBBIE","COLBURN, DEBBIE"
"COLE, JUSTIN (ANDY)","COLE, JUSTIN (ANDY)"
"COLEMAN, ERIC R.","COLEMAN, ERIC R."
"COLEMAN, ERIN","COLEMAN, ERIN"
"COLEMAN, KENT","COLEMAN, KENT"
"COLEMAN, SAMUEL E.","COLEMAN, SAMUEL E."
"COLEY, JAMES","COLEY, JAMES"
"COLLINS, HERMAN","COLLINS, HERMAN"
"COLLINS, MICHAEL WAYNE","COLLINS, MICHAEL WAYNE"
"COLLINS, PAT","COLLINS, PAT"
"CONGDON, FRED E.","CONGDON, FRED E."
"CONLEY, STEVE","CONLEY, STEVE"
"CONLEY, TERRELL","CONLEY, TERRELL"
"COOK, TIM","COOK, TIM"
"COOMER, LEWIS","COOMER, LEWIS"
"COOPER, BARBARA","COOPER, BARBARA"
"COOPER (SENATE), BARBARA","COOPER, BARBARA"
"COOPER, BRENT","COOPER, BRENT"
"COOPER, JERRY","COOPER, JERRY"
"COOPER, THOMAS","COOPER, THOMAS"
"CORBIN-JOHNSON, FELICIA","CORBIN-JOHNSON, FELICIA"
"CORCORAN, JAMES","CORCORAN, JAMES"
"CORIA (2006), ANN","CORIA, ANN"
"COTTER, HOWARD","COTTER, HOWARD"
"COTTON, BARRY","COTTON, BARRY"
"COUCH, VIRGINIA","COUCH, VIRGINIA"
"COURY, JOE","COURY, JOE"
"COWAN, JUDD","COWAN, JUDD"
"COX, BETH","COX, BETH"
"COX, III, WILLIAM","COX, III, WILLIAM"
"CRAIG, PHILIP","CRAIG, PHILIP"
"CRAIGHEAD, TONY","CRAIGHEAD, TONY"
"CRANGLE, TOMMY F.","CRANGLE, TOMMY F."
"CRAWFORD, JOHN","CRAWFORD, JOHN"
"CREASY, ALLAN","CREASY, ALLAN"
"CRIDER, CHRIS","CRIDER, CHRIS"
"CRIM, LARRY","CRIM, LARRY"
"CRIPPS, JAVIN RAY","CRIPPS, JAVIN RAY"
"CRISP, JANE R.","CRISP, JANE R."
"CRONE, JOSEPH","CRONE, JOSEPH"
"CROUCH, JR., RAY","CROUCH, JR., RAY"
"CROWE, RUSTY","CROWE, RUSTY"
"CROWELL, SHAUN","CROWELL, SHAUN"
"CROZIER, TED","CROZIER, TED"
"CRUMLEY, JOE","CRUMLEY, JOE"
"CRUMP, STEPHEN DAVIS","CRUMP, STEPHEN DAVIS"
"CRUTCHFIELD, WARD","CRUTCHFIELD, WARD"
"CUCITI, KIM","CUCITI, KIM"
"CUELLAR, DIANA","CUELLAR, DIANA"
"CUEVAS, VINCENT","CUEVAS, VINCENT"
"CUNNINGHAM, ROBERT","CUNNINGHAM, ROBERT"
"CURCIO, MICHAEL G.","CURCIO, MICHAEL G."
"CURRIE, COREY","CURRIE, COREY"
"CURRY, SHIRLEY B.","CURRY, SHIRLEY B."
"CURTIS, RICKY A. W.","CURTIS, RICKY A. W."
"CURTISS, CHARLES","CURTISS, CHARLES"
"CUTTING, DAVID L.","CUTTING, DAVID L."
"DAHL, DAVE","DAHL, DAVE"
"DALTON, ANGIE BLACKSHEAR","DALTON, ANGIE BLACKSHEAR"
"DALTON, ROBERT","DALTON, ROBERT"
"DANDRIDGE, DAMITA","DANDRIDGE, DAMITA"
"DANIEL (2004), JACK","DANIEL, JACK"
"DANIEL, JACK","DANIEL, JACK"
"DANIEL, MARTIN","DANIEL, MARTIN"
"DANIELS, LARRY","DANIELS, LARRY"
"DARBY, TANDY","DARBY, TANDY"
"DARDEN, STEPHEN","DARDEN, STEPHEN"
"DAVIDSON, DAVID","DAVIDSON, DAVID"
"DAVIDSON, EUGENE","DAVIDSON, EUGENE"
"DAVIDSON, MARK","DAVIDSON, MARK"
"DAVIS, DAVID","DAVIS, DAVID"
"DAVIS, ELAINE","DAVIS, ELAINE"
"DAVIS, JUSTIN","DAVIS, JUSTIN"
"DAVIS, KRISTI","DAVIS, KRISTI"
"DAVIS, LAURA","DAVIS, LAURA"
"DAVIS, MARTY","DAVIS, MARTY"
"DAVIS, NEVADA SCOTT","DAVIS, NEVADA SCOTT"
"DAVIS, RONALD","DAVIS, RONALD"
"DAWSON, JOHN","DAWSON, JOHN"
"DAWSON, RICHARD","DAWSON, RICHARD"
"DAY, LAURI","DAY, LAURI"
"DEAN, BEN","DEAN, BEN"
"DEAN, KARL","DEAN, KARL"
"DEAN, VINCE","DEAN, VINCE"
"DEANER, DAWN","DEANER, DAWN"
"DEATON, BILL","DEATON, BILL"
"DEBERRY (SENATE), JOHN","DEBERRY, JOHN"
"DEBERRY, JR., JOHN","DEBERRY, JOHN"
"DEBERRY, LOIS","DEBERRY, LOIS"
"DECK, ROBYN","DECK, ROBYN"
"DEES, LINDA JO","DEES, LINDA JO"
"DEFREESE, VICTORIA","DEFREESE, VICTORIA"
"DEGAN, WOODY","DEGAN, WOODY"
"DELUCIA, TONY","DELUCIA, TONY"
"DEMETREON, ALICE","DEMETREON, ALICE"
"DENNIS, VANCE","DENNIS, VANCE"
"DERRYBERRY, GUY","DERRYBERRY, GUY"
"DERRYBERRY, TONY","DERRYBERRY, TONY"
"DESMOND, RYAN","DESMOND, RYAN"
"DICKERSON, DAN","DICKERSON, DAN"
"DICKERSON, LUKE E.","DICKERSON, LUKE E."
"DICKERSON, STEVEN","DICKERSON, STEVEN"
"DICKEY, H. DEAN","DICKEY, H. DEAN"
"DICKEY, TIMOTHY","DICKEY, TIMOTHY"
"DIXIE, VINCENT","DIXIE, VINCENT"
"DIXON, RICKEY","DIXON, RICKEY"
"DIXON, ROSCOE","DIXON, ROSCOE"
"DOBSON, LEE ANN PAFFORD","DOBSON, LEE ANN PAFFORD"
"DOCKERY, MICHAEL","DOCKERY, MICHAEL"
"DOCKERY, RUEBEN","DOCKERY, RUEBEN"
"DODDS, BRANDON","DODDS, BRANDON"
"DOGGETT, CLAY","DOGGETT, CLAY"
"DOLL, BOB","DOLL, BOB"
"DOMINY, DUANE","DOMINY, DUANE"
"DONAGHY, SANDRA N. C.","DONAGHY, SANDRA N. C."
"DOSS, BARRY","DOSS, BARRY"
"DOSTER, DENNIS","DOSTER, DENNIS"
"DOTSON, BRUCE","DOTSON, BRUCE"
"DOWDY, JOHN","DOWDY, JOHN"
"DOZIER, STEVE R.","DOZIER, STEVE R."
"DREW, CHARLES E. (PETE)","DREW, CHARLES E. (PETE)"
"DRINNEN, GARY","DRINNEN, GARY"
"DROLSUM, LARRY","DROLSUM, LARRY"
"DUBOIS, J. THOMAS","DUBOIS, J. THOMAS"
"DUCK, SAMUEL DAVID","DUCK, SAMUEL DAVID"
"DUNAVANT, MIKE","DUNAVANT, MIKE"
"DUNAWAY, BRYANT C.","DUNAWAY, BRYANT C."
"DUNHAM, ROBERT F.","DUNHAM, ROBERT F."
"DUNLAP, W. KEVIN","DUNLAP, W. KEVIN"
"DUNN, ALEX","DUNN, ALEX"
"DUNN, BILL","DUNN, BILL"
"DUNN, JAMES","DUNN, JAMES"
"DUNN, LLOYD G.","DUNN, LLOYD G."
"DURARD, JR., FOREST A.","DURARD, JR., FOREST A."
"DURHAM, JEREMY","DURHAM, JEREMY"
"DUVALL, ROBERT","DUVALL, ROBERT"
"DYER, KATE","DYER, KATE"
"DYER, RAYMOND","DYER, RAYMOND"
"DYKES, III, ROLAND A.","DYKES, III, ROLAND A."
"EATON, FRANK","EATON, FRANK"
"EDDLEMAN, ADRIAN","EDDLEMAN, ADRIAN"
"EDDLEMAN, LEE","EDDLEMAN, LEE"
"EDWARDS, LEWIS JOHNNY","EDWARDS, LEWIS JOHNNY"
"EDWARDS, SHARON KAY","EDWARDS, SHARON KAY"
"EFFLER, JARED","EFFLER, JARED"
"EGGERS, SR., CARL R.","EGGERS, SR., CARL R."
"ELAM, LINDA","ELAM, LINDA"
"ELDER, CLAUDE SAM","ELDER, CLAUDE SAM"
"ELDRIDGE, JIMMY","ELDRIDGE, JIMMY"
"ELDRIDGE, RICK","ELDRIDGE, RICK"
"ELKINS, LARRY","ELKINS, LARRY"
"ELLIS, GEORGE","ELLIS, GEORGE"
"EMERT, JASON","EMERT, JASON"
"ENFIELD, J. R.","ENFIELD, J. R."
"ENGLEN, DOUG","ENGLEN, DOUG"
"ESKRIDGE, JULIETTE","ESKRIDGE, JULIETTE"
"EVANS, DUSTIN","EVANS, DUSTIN"
"EVANS, JOSHUA","EVANS, JOSHUA"
"EVANS, WALTER L.","EVANS, WALTER L."
"EWELL, BROCK","EWELL, BROCK"
"FAIRBANKS, RANDY","FAIRBANKS, RANDY"
"FAISON, JEREMY","FAISON, JEREMY"
"FANKHAUSER, DAVID G. E.","FANKHAUSER, DAVID G. E."
"FANNON, BOB","FANNON, BOB"
"FANSLER, DARYL R.","FANSLER, DARYL R."
"FARLESS, ISRAEL","FARLESS, ISRAEL"
"FARLEY, AUSTIN","FARLEY, AUSTIN"
"FARLEY, MICHAEL","FARLEY, MICHAEL"
"FARMER, ANDREW ELLIS","FARMER, ANDREW ELLIS"
"FARMER, DAVID","FARMER, DAVID"
"FARMER, GARY","FARMER, GARY"
"FARMER, TRISHA","FARMER, TRISHA"
"FARNOR, NATHAN","FARNOR, NATHAN"
"FARRELL, JOAN","FARRELL, JOAN"
"FARRIS, DWIGHT 'DJ'","FARRIS, DWIGHT (DJ)"
"FAULK, MIKE","FAULK, MIKE A."
"FAULK, MIKE A.","FAULK, MIKE A."
"FAULKNER, IVON","FAULKNER, IVON"
"FAULKNER, JOHNNY CHAD","FAULKNER, JOHNNY CHAD"
"FAULKNER, OMARI","FAULKNER, OMARI"
"FAULKNER, SUSAN","FAULKNER, SUSAN"
"FAVORS, JOANNE","FAVORS, JOANNE"
"FERGUSON, DAVID","FERGUSON, DAVID"
"FERGUSON, DENNIS","FERGUSON, DENNIS"
"FERRY, MATT H.","FERRY, MATT H."
"FICKLING, CRAIG P.","FICKLING, CRAIG P."
"FIELD, AVERY","FIELD, AVERY"
"FIELDS, ROBERT COLEMAN","FIELDS, ROBERT COLEMAN"
"FINCHER, HENRY","FINCHER, HENRY"
"FINNEY, LOWE","FINNEY, LOWE"
"FINNEY, RAYMOND","FINNEY, RAYMOND"
"FINNEY, RAYMOND (2008)","FINNEY, RAYMOND"
"FISCHMAN, NANCY","FISCHMAN, NANCY"
"FISCUS, BRADLEY","FISCUS, BRADLEY"
"FISHER, KEVIN","FISHER, KEVIN"
"FITZGERALD, II, VINCYL","FITZGERALD, II, VINCYL"
"FITZHUGH, CRAIG","FITZHUGH, CRAIG"
"FLANARY, KEVIN","FLANARY, KEVIN"
"FLETCHER, LARRY","FLETCHER, LARRY"
"FLINN, GEORGE S.","FLINN, GEORGE S."
"FLOIED, FRANKIE G.","FLOIED, FRANKIE G."
"FLOOD, MARY LYNN","FLOOD, MARY LYNN"
"FLOYD, MICHAEL G.","FLOYD, MICHAEL G."
"FLOYD, RICHARD","FLOYD, RICHARD"
"FLYNN, ETHAN","FLYNN, ETHAN"
"FODNESS, GREGORY","FODNESS, GREGORY"
"FOLEY, JENNIFER","FOLEY, JENNIFER"
"FORBES, JOSHUA","FORBES, JOSHUA"
"FORD, DALE","FORD, DALE"
"FORD, DAN","FORD, DAN"
"FORD(2006), JEFF","FORD, JEFF"
"FORD, JEFF","FORD, JEFF"
"FORD, JUSTIN","FORD, JUSTIN"
"FORD, KEMBA","FORD, KEMBA"
"FORD, OPHELIA","FORD, OPHELIA"
"FORGETY, JOHN W.","FORGETY, JOHN W."
"FORTNER, SCOTT","FORTNER, SCOTT"
"FOTOPULOS, STEPHEN","FOTOPULOS, STEPHEN"
"FOWLER, DAVID","FOWLER, DAVID"
"FOWLKES, JOE","FOWLKES, JOE"
"FRALEY, GEORGE","FRALEY, GEORGE"
"FRANKLIN, TODD MITCHELL","FRANKLIN, TODD MITCHELL"
"FREEMAN, BOB","FREEMAN, BOB"
"FREIBERG, ANDREW MARK","FREIBERG, ANDREW MARK"
"FRENCH, RYAN","FRENCH, RYAN"
"FROST, DOMINIQUE","FROST, DOMINIQUE"
"FRY, SHAWN C.","FRY, SHAWN C."
"FULBRIGHT, MICHAEL","FULBRIGHT, MICHAEL"
"FULLER, BRIAN","FULLER, BRIAN"
"FULLINGTON, JESSE","FULLINGTON, JESSE"
"FULLINGTON, NINA","FULLINGTON, NINA"
"FUNK, GLENN","FUNK, GLENN"
"FUTRELL, ADAM","FUTRELL, ADAM"
"GALLAGHER, KEVIN (HOUSE)","GALLAGHER, KEVIN"
"GALLAGHER, KEVIN","GALLAGHER, KEVIN"
"GALLMAN, RHONDA","GALLMAN, RHONDA"
"GANT, RON","GANT, RON"
"GARDENHIRE, TODD","GARDENHIRE, TODD"
"GARDNER, NICHOLAS","GARDNER, NICHOLAS"
"GARDNER, OSCAR","GARDNER, OSCAR"
"GARDNER, PATRICK","GARDNER, PATRICK"
"GARDNER, SHELLEY THOMPSON","GARDNER, SHELLEY THOMPSON"
"GARNER, PATTI B.","GARNER, PATTI B."
"GARRETT, JOHNNY","GARRETT, JOHNNY"
"GARRETT, JOSEPH E.","GARRETT, JOSEPH E."
"GARRETT, TIM","GARRETT, TIM"
"GARTH, ARDENA","GARTH, ARDENA"
"GARVIN, RICHARD","GARVIN, RICHARD"
"GASAWAY, JOHN H.","GASAWAY, JOHN H."
"GASS, JAMES L.","GASS, JAMES L."
"GAUGH, GLEN","GAUGH, GLEN"
"GAWRYS, STEVE","GAWRYS, STEVE"
"GENTRY, DAVID","GENTRY, DAVID"
"GENTRY, JOHN ANTHONY","GENTRY, JOHN ANTHONY"
"GEORGE, DIANE","GEORGE, DIANE"
"GEORGE, JANE","GEORGE, JANE"
"GIBBONS (DIST. ATTY), BILL","GIBBONS, BILL"
"GIBBONS, BILL","GIBBONS, BILL"
"GIBBS, MARSHALL BRUCE","GIBBS, MARSHALL BRUCE"
"GIBSON, WILLIAM (BILL)","GIBSON, WILLIAM (BILL)"
"GILL, EVELYN","GILL, EVELYN"
"GILL, MELVIN","GILL, MELVIN"
"GILLESPIE, JOHN","GILLESPIE, JOHN"
"GILMORE, BRENDA","GILMORE, BRENDA"
"GIVENS, AUBREY","GIVENS, AUBREY"
"GLADDEN, JONATHAN","GLADDEN, JONATHAN"
"GLASER, STEVEN","GLASER, STEVEN"
"GLOVER, STEVE","GLOVER, STEVE"
"GLYNN, RONNIE L.","GLYNN, RONNIE L."
"GOATS, RICKY","GOATS, RICKY"
"GODSEY, STEVE","GODSEY, STEVE"
"GOFF, BECKY","GOFF, BECKY"
"GOINS, TILMAN","GOINS, TILMAN"
"GOMES, KATHLEEN N.","GOMES, KATHLEEN N."
"GOODMAN, III, WILLIAM R.","GOODMAN, III, WILLIAM R."
"GOODMAN, JR., DANNY","GOODMAN, JR., DANNY"
"GOODWIN, JAMES F.","GOODWIN, JAMES F."
"GORE, KRISTOPHER","GORE, KRISTOPHER"
"GOTTO, JIM","GOTTO, JIM"
"GRADY, JERRY","GRADY, JERRY"
"GRAHAM, III, J.H.","GRAHAM, III, J.H."
"GRANT, ALONZO","GRANT, ALONZO"
"GRAVES, JO ANN","GRAVES, JO ANN"
"GRAVES, JO ANN (2008)","GRAVES, JO ANN"
"GRAVES, MICHAEL A.","GRAVES, MICHAEL A."
"GRAVITT, MARC","GRAVITT, MARC"
"GRAY, THOMAS","GRAY, THOMAS"
"GREEN, BILL","GREEN, BILL"
"GREEN, G. SCOTT","GREEN, G. SCOTT"
"GREEN, JERRI","GREEN, JERRI"
"GREEN, MARK E.","GREEN, MARK E."
"GREEN (SENATE), MARK E.","GREEN, MARK E."
"GREENHOLTZ, TOM","GREENHOLTZ, TOM"
"GREETER, JOHN","GREETER, JOHN"
"GREGORY, JOSHUA","GREGORY, JOSHUA"
"GRESHAM, DOLORES","GRESHAM, DOLORES"
"GRIFFEY, BRUCE I.","GRIFFEY, BRUCE I."
"GRIFFITH, ROGER W.","GRIFFITH, ROGER W."
"GRILLS, RUSTY","GRILLS, RUSTY"
"GRIMM, KRISTEN M","GRIMM, KRISTEN M"
"GROSS, TONY","GROSS, TONY"
"GROUND, NINA","GROUND, NINA"
"GRUBB, BROOKE","GRUBB, BROOKE"
"GRUBB, SHERRY GREENE","GRUBB, SHERRY GREENE"
"GUINDI, SHERIF","GUINDI, SHERIF"
"GUNN, HAROLD R.","GUNN, HAROLD R."
"GURLEY, JR., MARVIN M.","GURLEY, JR., MARVIN M."
"HACKWORTH, JIM","HACKWORTH, JIM"
"HAGOOD, JAMIE","HAGOOD, JAMIE"
"HAILE, FERRELL","HAILE, FERRELL"
"HAINES, JOHN L.","HAINES, JOHN L."
"HAKEEM, YUSUF A.","HAKEEM, YUSUF A."
"HALE, JAMES","HALE, JAMES"
"HALE, STEPHEN LEE","HALE, STEPHEN LEE"
"HALEY, STEPHEN","HALEY, STEPHEN"
"HALFORD, CURTIS","HALFORD, CURTIS"
"HALL, DAVE","HALL, DAVID"
"HALL, DAVID","HALL, DAVID"
"HALL, MARK","HALL, MARK"
"HALL, STEVE","HALL, STEVE"
"HAMILTON, JIM T.","HAMILTON, JIM T."
"HAMMOND, CHERIE","HAMMOND, CHERIE"
"HAMPTON, SR., J. W.","HAMPTON, SR., J. W."
"HANCOCK, ANTHONY D.","HANCOCK, ANTHONY D."
"HARDAWAY, G. A.","HARDAWAY, G. A."
"HARDIN, JIM","HARDIN, JIM"
"HARDING, JIM","HARDING, JIM"
"HARGETT, TRE","HARGETT, TRE"
"HARGIS, STEPHEN LEE","HARGIS, STEPHEN LEE"
"HARGROVE, DONNA ORR","HARGROVE, DONNA ORR"
"HARGROVE, JERE","HARGROVE, JERE"
"HARMON, BENJAMIN S.","HARMON, BENJAMIN S."
"HARMON, BILL","HARMON, BILL"
"HARMON, ERROL","HARMON, ERROL"
"HARPER, DAVID R.","HARPER, DAVID R."
"HARPER, THELMA","HARPER, THELMA"
"HARRELL, JAMES","HARRELL, JAMES"
"HARRELL, LEE","HARRELL, LEE"
"HARRING, RYAN","HARRING, RYAN"
"HARRIS, DANIEL M.","HARRIS, DANIEL M."
"HARRIS, LEE","HARRIS, LEE"
"HARRIS, R. PRICE","HARRIS, R. PRICE"
"HARRIS, ROBERT A.","HARRIS, ROBERT A."
"HARRIS, TORREY","HARRIS, TORREY"
"HARRISON, MICHAEL","HARRISON, MICHAEL"
"HART, JAMES","HART, JAMES"
"HARTLEY, BRAD","HARTLEY, BRAD"
"HARVEY, SR., JAMES","HARVEY, SR., JAMES"
"HARWELL, BETH HALTEMAN","HARWELL, BETH"
"HARWELL (HOUSE 16), BETH HALTEMAN","HARWELL, BETH"
"HARWELL (HOUSE 18), BETH","HARWELL, BETH"
"HARWELL, BETH","HARWELL, BETH"
"HASLAM, BILL","HASLAM, BILL"
"HASTON, KIRK","HASTON, KIRK"
"HATCHER, JR., JOHNNY","HATCHER, JR., JOHNNY"
"HATCHER, SAM","HATCHER, SAM"
"HATCHETT, STEPHEN","HATCHETT, STEPHEN"
"HATHAWAY, QUINTESSA","HATHAWAY, QUINTESSA"
"HATHAWAY, ROB","HATHAWAY, ROB"
"HATHCOCK, JR., LINDSAY","HATHCOCK, JR., LINDSAY"
"HATTEN, JOHNNIE","HATTEN, JOHNNIE"
"HAWK, DAVID","HAWK, DAVID"
"HAWKINS, FRANK","HAWKINS, FRANK"
"HAWKINS, JIM","HAWKINS, JIM"
"HAWKS, DAVID","HAWKS, DAVID"
"HAYES, JEREMY H. G.","HAYES, JEREMY H. G."
"HAYES, LINDA","HAYES, LINDA"
"HAYNES, JOE","HAYNES, JOE"
"HAYNES, RYAN","HAYNES, RYAN"
"HAZLEWOOD, PATSY","HAZLEWOOD, PATSY"
"HEAD, TOMMY","HEAD, TOMMY"
"HEATH, STEVE","HEATH, STEVE"
"HEDGECOUGH, ANGELA","HEDGECOUGH, ANGELA"
"HEDRICK, KYLE E.","HEDRICK, KYLE E."
"HELPER, KIM","HELPER, KIM"
"HELTON, ESTHER","HELTON, ESTHER"
"HELTON, RICHARD","HELTON, RICHARD"
"HENDRIX, GAYLA","HENDRIX, GAYLA"
"HENRY, DOUGLAS","HENRY, DOUGLAS"
"HENSLEY, JOEY","HENSLEY, JOEY"
"HENSLEY, TED","HENSLEY, TED"
"HENSON, LARRY","HENSON, LARRY"
"HERNANDEZ, JASON","HERNANDEZ, JASON"
"HERRON, ROY","HERRON, ROY"
"HERRON (GOVERNOR), ROY","HERRON, ROY"
"HICKMAN, RON","HICKMAN, RON"
"HICKS, JR., GARY","HICKS, JR., GARY"
"HICKS, TIM","HICKS, TIM"
"HIGGINS, GINA","HIGGINS, GINA"
"HILL, GEORGE THOMAS","HILL, GEORGE THOMAS"
"HILL, MATTHEW","HILL, MATTHEW"
"HILL, ROBERT","HILL, ROBERT"
"HILL, STEVE","HILL, STEVE"
"HILL, T. ROBERT","HILL, T. ROBERT"
"HILL, TIMOTHY","HILL, TIMOTHY"
"HILLEGAS, RICK (GEORGE)","HILLEGAS, RICK (GEORGE)"
"HIPPS, AMELIA","HIPPS, AMELIA"
"HIXSON, KYLE","HIXSON, KYLE"
"HOBBS, TIMOTHY TUCKER","HOBBS, TIMOTHY TUCKER"
"HODGES, JASON","HODGES, JASON"
"HOLLADAY, AARON","HOLLADAY, AARON"
"HOLLARS, AMY","HOLLARS, AMY"
"HOLLEMAN, JASON","HOLLEMAN, JASON"
"HOLLIN, BILL","HOLLIN, BILL"
"HOLLIS, MELANIE","HOLLIS, MELANIE"
"HOLMES, AJ","HOLMES, AJ"
"HOLMES, MENDA","HOLMES, MENDA"
"HOLSCLAW, JOHN B.","HOLSCLAW, JOHN B."
"HOLSCLAW, SR., JOHN","HOLSCLAW, SR., JOHN"
"HOLT, ANDREW","HOLT, ANDREW"
"HOOD, CASEY","HOOD, CASEY"
"HOOD, JOHN","HOOD, JOHN"
"HOOKS, GEORGE M. ""MIKE""","HOOKS, GEORGE M. (MIKE)"
"HOOKS, MICHAEL","HOOKS, MICHAEL"
"HOOVER, VICKI HODGE","HOOVER, VICKI HODGE"
"HORNE, JOHNNY","HORNE, JOHNNY"
"HORNER, GAIL WILLIAMS","HORNER, GAIL WILLIAMS"
"HORNER, JIM","HORNER, JIM"
"HOUK, ZACHARY","HOUK, ZACHARY"
"HOWARD, ALICIA","HOWARD, ALICIA"
"HOWELL(2005), DAN","HOWELL, DAN"
"HOWELL, DAN","HOWELL, DAN"
"HOWERTON, BILL","HOWERTON, BILL"
"HUETT-GARCIA, AMBER","HUETT-GARCIA, AMBER"
"HUFFER, MATTHEW","HUFFER, MATTHEW"
"HUGHES, CHARLES RICHARD","HUGHES, CHARLES RICHARD"
"HUGHES, DAN","HUGHES, DAN"
"HUGHES, SCOTT","HUGHES, SCOTT"
"HULLETT, ROBERT","HULLETT, ROBERT"
"HULSEY, BUD","HULSEY, BUD"
"HUNT, JENNY W.","HUNT, JENNY W."
"HUNT, LESLIE RICHARD","HUNT, LESLIE RICHARD"
"HURD, RHYNETTE NORTHCROSS","HURD, RHYNETTE NORTHCROSS"
"HURLEY, JULIA","HURLEY, JULIA"
"HURT, CHRIS","HURT, CHRIS"
"HUTCHISON, TIM","HUTCHISON, TIM"
"IHRIG, B. CHARLES","IHRIG, B. CHARLES"
"INGRUM, JAY","INGRUM, JAY"
"IRION, VAN","IRION, VAN"
"IRONS, FELICIA","IRONS, FELICIA"
"JABLONSKI, DIANE","JABLONSKI, DIANE"
"JACK, CLAUDIA","JACK, CLAUDIA"
"BUNDREN JACKSON, CYNTHIA","JACKSON, CYNTHIA BUNDREN"
"JACKSON, CYNTHIA BUNDREN","JACKSON, CYNTHIA BUNDREN"
"JACKSON, DOUGLAS","JACKSON, DOUGLAS"
"JACKSON, EDWARD S.","JACKSON, EDWARD S."
"JAMES, STUART","JAMES, STUART"
"JAMIESON, JIM","JAMIESON, JIM"
"JAQUES, JON","JAQUES, JON"
"JARRETT, PATTI","JARRETT, PATTI"
"JEFF, JESSE","JEFF, JESSE"
"JEFFERS, LEIF","JEFFERS, LEIF"
"JENKINS, JOE","JENKINS, JOE"
"JENKINS, RAY","JENKINS, RAY"
"JERNIGAN, DARREN","JERNIGAN, DARREN"
"JOBE, JESSE","JOBE, JESSE"
"JOHNSON, ANDREA BOND","JOHNSON, ANDREA BOND"
"JOHNSON, CURTIS","JOHNSON, CURTIS"
"JOHNSON, DEANNA","JOHNSON, DEANNA"
"JOHNSON, EDDIE","JOHNSON, EDDIE"
"JOHNSON, GLORIA","JOHNSON, GLORIA"
"JOHNSON, JACK","JOHNSON, JACK"
"JOHNSON, MURPHEY","JOHNSON, MURPHEY"
"JOHNSON, PHILLIP","JOHNSON, PHILLIP"
"JOHNSON, RUSSELL","JOHNSON, RUSSELL"
"JOHNSON, RUSSELL (DIST. ATTY.)","JOHNSON, RUSSELL"
"JOHNSON, SHANA","JOHNSON, SHANA"
"JOHNSON, TERRY DAVID","JOHNSON, TERRY DAVID"
"JOHNSTON, LOUIE","JOHNSTON, LOUIE"
"JOHNSTONE, MARK","JOHNSTONE, MARK"
"JONES, DAVID","JONES, DAVID"
"JONES, EDDIE","JONES, EDDIE"
"JONES, HARRIS","JONES, HARRIS"
"JONES, JAMES","JONES, JAMES"
"JONES, JENNINGS H.","JONES, JENNINGS H."
"JONES, JOE WARREN","JONES, JOE WARREN"
"JONES, JR., HOWARD E.","JONES, JR., HOWARD E."
"JONES, JR., ULYSSES","JONES, JR., ULYSSES"
"JONES, KELVIN","JONES, KELVIN"
"JONES, LYLE A.","JONES, LYLE A."
"JONES, SHERRY","JONES, SHERRY"
"JONES, TROY B.","JONES, TROY B."
"JORDAN, GAYLE","JORDAN, GAYLE"
"JORDAN, II, KENNETH","JORDAN, II, KENNETH"
"JOWERS, DANNY C.","JOWERS, DANNY C."
"JUSTICE, SCOTT","JUSTICE, SCOTT"
"KABIR, OVI","KABIR, OVI"
"KAIL, DANNY W.","KAIL, DANNY W."
"KALABUS, ELIZABETH","KALABUS, ELIZABETH"
"KANE, BRODY","KANE, BRODY"
"KANE, ROGER","KANE, ROGER"
"KATSIROS, JONATHAN","KATSIROS, JONATHAN"
"KAWULA, GARY","KAWULA, GARY"
"KEELING, KARI","KEELING, KARI"
"KEEN, CHAD","KEEN, CHAD"
"KEISLING, KELLY","KEISLING, KELLY"
"KELLY, JEFF","KELLY, JEFF"
"KELSEY, BRIAN","KELSEY, BRIAN"
"KEMP, DONNIE","KEMP, DONNIE"
"KENIGSON, MATT","KENIGSON, MATT"
"KENNEDY  JR., REBER","KENNEDY  JR., REBER"
"KENNEDY, RANDY","KENNEDY, RANDY"
"KERNELL (2004), MIKE","KERNELL, MIKE"
"KERNELL, MIKE","KERNELL, MIKE"
"KERNEY, NEAL","KERNEY, NEAL"
"KERSHAW, EDWARD L.","KERSHAW, EDWARD L."
"KETRON, BILL","KETRON, BILL"
"KIDD, DANIEL","KIDD, DANIEL"
"KIGHT, YOLANDA","KIGHT, YOLANDA"
"KILBY, TOMMY","KILBY, TOMMY"
"KIMBROUGH, JOY SMITH","KIMBROUGH, JOY SMITH"
"KING, GEOFF","KING, GEOFF"
"KING, MICHAEL U.","KING, MICHAEL U."
"KING, TAMRA","KING, TAMRA"
"KING, VIC","KING, VIC"
"KING, WILLIAM","KING, WILLIAM"
"KIRBY, HOLLY","KIRBY, HOLLY"
"KIRK, BOB","KIRK, BOB"
"KIRKPATRICK, JOE","KIRKPATRICK, JOE"
"KISER, DENNIS","KISER, DENNIS"
"KNIGHT, JASON D.","KNIGHT, JASON D."
"KRAUS, JOSHUA","KRAUS, JOSHUA"
"KRUMM, BOB","KRUMM, BOB"
"KUMAR, SABI (DOC)","KUMAR, SABI (DOC)"
"KURITA, ROSALIND","KURITA, ROSALIND"
"KYLE (GOVERNOR), JIM","KYLE, JIM"
"KYLE, JIM","KYLE, JIM"
"KYLE (JUDGE), JIM","KYLE, JIM"
"KYLE, SARA P.","KYLE, SARA P."
"LACEY, FRANK","LACEY, FRANK"
"LAFFERTY, JUSTIN","LAFFERTY, JUSTIN"
"LAMAR, LONDON","LAMAR, LONDON"
"LAMB, RANDY","LAMB, RANDY"
"LAMB, TERICA","LAMB, TERICA"
"LAMBERTH, II, WILLIAM G.","LAMBERTH, II, WILLIAM G."
"LAMMEY, JIM","LAMMEY, JIM"
"LANCE, DIANE","LANCE, DIANE"
"LANE, STEVE","LANE, STEVE"
"LANGFORD, CHAMP","LANGFORD, CHAMP"
"LANGSTER, EDITH TAYLOR","LANGSTER, EDITH TAYLOR"
"LANIER, CHRISTIAN","LANIER, CHRISTIAN"
"LANSDEN, CARL","LANSDEN, CARL"
"LAPIDES, BENNETT H.","LAPIDES, BENNETT H."
"LAPIDES, IRA","LAPIDES, IRA"
"LAROCHE, DAVID B.","LAROCHE, DAVID B."
"LAUDERBACK, JAMES","LAUDERBACK, JAMES"
"LAWRENCE, JEAN-MARIE","LAWRENCE, JEAN-MARIE"
"LAWRENCE, KEVIN","LAWRENCE, KEVIN"
"LAWSON, HERMAN","LAWSON, HERMAN"
"LAY, PATTI JANE","LAY, PATTI JANE"
"LAYNE, MICKEY","LAYNE, MICKEY"
"LEADBETTER, RONALD","LEADBETTER, RONALD"
"LEATHERWOOD, TOM","LEATHERWOOD, TOM"
"LEDFORD, ALAN","LEDFORD, ALAN"
"LEE, BILL","LEE, BILL"
"LEE, RHONDA","LEE, RHONDA"
"LEE, ROBERT","LEE, ROBERT"
"LEE, SHARON","LEE, SHARON"
"LEE, TIMOTHY","LEE, TIMOTHY"
"LEIBROCK, CHARLOTTE","LEIBROCK, CHARLOTTE"
"LEJONG-MCCASH, DELYNN","LEJONG-MCCASH, DELYNN"
"LENNING, LUTHER C.","LENNING, LUTHER C."
"LEWIS, DANIEL T.","LEWIS, DANIEL T."
"LEWIS, JIM","LEWIS, JIM"
"LEWIS, NIGEL","LEWIS, NIGEL"
"LINDER, TIMOTHY","LINDER, TIMOTHY"
"LINGERFELT, TIM","LINGERFELT, TIM"
"LITTLE, MIKE","LITTLE, MIKE"
"LITTLETON, MARY","LITTLETON, MARY"
"LITZ, JOHN","LITZ, JOHN"
"LOCKERT, III, WILLIAM B. JAKE","LOCKERT, III, WILLIAM B. JAKE"
"LOCKERT-MASH, SUZANNE","LOCKERT-MASH, SUZANNE"
"LOCKHART, WILLIAM A.","LOCKHART, WILLIAM A."
"LOE, GARY","LOE, GARY"
"LOGAN, JIMMY","LOGAN, JIMMY"
"LOLLAR, RON","LOLLAR, RON"
"LOVE, JR., ARVIL","LOVE, JR., ARVIL"
"LOVE, JR., HAROLD M.","LOVE, JR., HAROLD M."
"LOVE, SALLY","LOVE, SALLY"
"LOVELL, MARK","LOVELL, MARK"
"LOWE, J. ADAM","LOWE, J. ADAM"
"LOWERY, JERRY","LOWERY, JERRY"
"LOYNACHAN, CURTIS D.","LOYNACHAN, CURTIS D."
"LUNDBERG, JON","LUNDBERG, JON"
"LUSK, BILL","LUSK, BILL"
"LUTTON, ERIC","LUTTON, ERIC"
"LYLES, JOHNNY","LYLES, JOHNNY"
"LYNN, SUSAN","LYNN, SUSAN"
"LYNNE-MARCUM, DUSTY","LYNNE-MARCUM, DUSTY"
"MACKAY, GREG","MACKAY, GREG"
"MACKEY, RACHEL","MACKEY, RACHEL"
"MADDOX, MARK","MADDOX, MARK"
"MADEIRA, ELIZABETH","MADEIRA, ELIZABETH"
"MAGGART, DEBRA YOUNG","MAGGART, DEBRA YOUNG"
"MAGOUIRK, TAMMY","MAGOUIRK, TAMMY"
"MALLICOTE, BENJAMIN K.","MALLICOTE, BENJAMIN K."
"MALONE, MICHAEL","MALONE, MICHAEL"
"MANCINI, MARY","MANCINI, MARY"
"MANLEY, NOLEN","MANLEY, NOLEN"
"MANNIS, EDDIE","MANNIS, EDDIE"
"MANUEL, JOE","MANUEL, JOE"
"MAPLES, WESLEY","MAPLES, WESLEY"
"MARRERO, BEVERLY","MARRERO, BEVERLY"
"MARRERO (HOUSE), BEVERLY","MARRERO, BEVERLY"
"MARRERO (SENATE), BEVERLY","MARRERO, BEVERLY"
"MARSH, PAT","MARSH, PAT"
"MARSHALL, MELISSA","MARSHALL, MELISSA"
"MARSHALL, TOM","MARSHALL, TOM"
"MARTIN, ANNE","MARTIN, ANNE"
"MARTIN, JAMES G.","MARTIN, JAMES G."
"MARTIN, RICKY","MARTIN, RICKY"
"MARTIN, ROBERT","MARTIN, ROBERT"
"MARTINDALE, EDWARD","MARTINDALE, EDWARD"
"MARTINEZ, COLEEN","MARTINEZ, COLEEN"
"MASON, BRIAN L.","MASON, BRIAN L."
"MASON, DAVID","MASON, DAVID"
"MASON, JOHNATHAN","MASON, JOHNATHAN"
"MASSENGILL, DAVID","MASSENGILL, DAVID"
"MASSEY, JR., WILLIAM NATHAN","MASSEY, JR., WILLIAM NATHAN"
"MASSEY, REBECCA DUNCAN","MASSEY, REBECCA DUNCAN"
"MATHENY, DANA","MATHENY, DANA"
"MATHENY, JUDD","MATHENY, JUDD"
"MATHES, GAIL","MATHES, GAIL"
"MATHESON, FLO","MATHESON, FLO"
"MATLOCK, JIMMY","MATLOCK, JIMMY"
"MATTHEWS, DEBBIE","MATTHEWS, DEBBIE"
"MAXWELL, STEPHEN CORTNEY","MAXWELL, STEPHEN CORTNEY"
"MAYOR, CHRISTOPHER","MAYOR, CHRISTOPHER"
"MCALPIN, KEVIN","MCALPIN, KEVIN"
"MCBRIEN, SHAWN","MCBRIEN, SHAWN"
"MCCADAMS, HANSEL","MCCADAMS, HANSEL"
"MCCALL, HOLLY","MCCALL, HOLLY"
"MCCALL, II, ALBERT","MCCALL, II, ALBERT AJ"
"MCCALL, II, ALBERT AJ","MCCALL, II, ALBERT AJ"
"MCCARTER, MICHAEL A.","MCCARTER, MICHAEL A."
"MCCLELLAN, ROD","MCCLELLAN, ROD"
"MCCLENDON, AMANDA","MCCLENDON, AMANDA"
"MCCLUEN, SCOTT","MCCLUEN, SCOTT"
"MCCORD, JOE","MCCORD, JOE"
"MCCORMICK, GERALD","MCCORMICK, GERALD"
"MCCORMICK, SCOTT","MCCORMICK, SCOTT"
"MCCOY, CAROL L.","MCCOY, CAROL L."
"MCCULLEY, JOE","MCCULLEY, JOSEPH T."
"MCCULLEY, JR., JOSEPH T.","MCCULLEY, JOSEPH T."
"MCCURDY, PATRICK","MCCURDY, PATRICK"
"MCDANIEL, ED NEAL","MCDANIEL, ED NEAL"
"MCDANIEL, STEVE","MCDANIEL, STEVE"
"MCDONALD(2004), CHARLES","MCDONALD, CHARLES"
"MCDONALD, CHARLES W.","MCDONALD, CHARLES"
"MCDONALD, GEORGE","MCDONALD, GEORGE"
"MCDONALD, MIKE","MCDONALD, MIKE"
"MCDOUGAL, JOHN","MCDOUGAL, JOHN"
"MCDOW, RON","MCDOW, RON"
"MCELRAVEY, TINA","MCELRAVEY, TINA"
"MCFARLAND, TOM","MCFARLAND, TOM"
"MCGARY, ANDRAE'","MCGARY, ANDRAE"
"MCGEE, CARMA D.","MCGEE, CARMA D."
"MCGILL, CINDY","MCGILL, CINDY"
"MCGUIRE, ROB","MCGUIRE, ROB"
"MCKAMEY, WILLIAM (JOHN 2004)","MCKAMEY, WILLIAM H. (JOHN)"
"MCKAMEY, WILLIAM H. (JOHN)","MCKAMEY, WILLIAM H. (JOHN)"
"MCKEE, BOB","MCKEE, BOB"
"MCKEE, RANDAL L.","MCKEE, RANDAL L."
"MCKENZIE, GARY","MCKENZIE, GARY"
"MCKENZIE, SAM","MCKENZIE, SAM"
"MCLEARY, DON","MCLEARY, DON"
"MCLELLAN, KEVIN","MCLELLAN, KEVIN"
"MCMAHAN, JOHN","MCMAHAN, JOHN"
"MCMANUS, STEPHEN","MCMANUS, STEPHEN"
"MCMILLAN, GREG","MCMILLAN, GREG"
"MCMILLAN (HOUSE), KIM","MCMILLAN, KIM"
"MCMILLAN, KIM","MCMILLAN, KIM"
"MCNALLY, RANDY","MCNALLY, RANDY"
"MCNEIL, MARY ANN CHANEY","MCNEIL, MARY ANN CHANEY"
"MCNEILL, SHANE K.","MCNEILL, SHANE K."
"MCNEW, JACK W.","MCNEW, JACK W."
"MCNUTT FLEENOR, PAMELA","MCNUTT FLEENOR, PAMELA"
"MCROY, ERIC","MCROY, ERIC"
"MCVEY, MIKE","MCVEY, MIKE"
"MCWHERTER, MICHAEL","MCWHERTER, MICHAEL"
"MEADOWS, JOHN M.","MEADOWS, JOHN M."
"MELTON, GERALD","MELTON, GERALD"
"MELTON, JIMMY (JIM)","MELTON, JIMMY (JIM)"
"MEMULA, SANJEEV","MEMULA, SANJEEV"
"MERCER, BRADLEY","MERCER, BRADLEY"
"MEYER, CHARLOTTE","MEYER, CHARLOTTE"
"MICHEL, DIANE","MICHEL, DIANE"
"MILES, JOHN M.","MILES, JOHN M."
"MILLER, DON","MILLER, DON"
"MILLER, JEFF","MILLER, JEFF"
"MILLER, JEROME Q.","MILLER, JEROME Q."
"MILLER, JUSTIN","MILLER, JUSTIN"
"MILLER, LARRY","MILLER, LARRY"
"MILLER, LAURA","MILLER, LAURA"
"MILLER, LAWRENCE G.","MILLER, LAWRENCE G."
"MILLER, ROGER","MILLER, ROGER"
"MILLER, TONYA S.","MILLER, TONYA S."
"MILLER-WATKINS, CIVIL","MILLER-WATKINS, CIVIL"
"MILLS, CECIL","MILLS, CECIL"
"MILLS, GREG","MILLS, GREG"
"MILLS, LEE","MILLS, LEE"
"MITCHELL, BO","MITCHELL, BO"
"MITCHELL, III, JOHN G.","MITCHELL, III, JOHN G."
"MOLDER, CHAZ","MOLDER, CHAZ"
"MONROE, TONA","MONROE, TONA"
"MONROE, TRAVIS","MONROE, TRAVIS"
"MONROE-BALL, TONA","MONROE-BALL, TONA"
"MONTGOMERY, RICHARD","MONTGOMERY, RICHARD"
"MOODY, BRENT","MOODY, BRENT"
"MOODY, DEBRA","MOODY, DEBRA"
"MOODY, TRAVIS","MOODY, TRAVIS"
"MOON, JAMES","MOON, JAMES"
"MOON, JEROME F.","MOON, JEROME F."
"MOORE, CALVIN","MOORE, CALVIN"
"MOORE, CARTER","MOORE, CARTER"
"MOORE, DWIGHT T.","MOORE, DWIGHT T."
"MOORE, GARRY","MOORE, GARRY"
"MOORE, GARY","MOORE, GARY"
"MOORE, KERMIT","MOORE, KERMIT"
"MOORE, SANDRA V.","MOORE, SANDRA V."
"MORGAN, ANDREW","MORGAN, ANDREW"
"MORGAN, PHIL","MORGAN, PHIL"
"MORIN, ERIC","MORIN, ERIC"
"MORRELL, KAREN GREENE","MORRELL, KAREN GREENE"
"MORRELL, TIM","MORRELL, TIM"
"MORTENSEN, ROB","MORTENSEN, ROB"
"MORTON, RICHARD","MORTON, RICHARD"
"MOSELEY, ALEX","MOSELEY, ALEX"
"MOSELEY, J. GLENN","MOSELEY, J. GLENN"
"MOSKAL, PATRICIA HEAD","MOSKAL, PATRICIA HEAD"
"MOTH, CHRIS","MOTH, CHRIS"
"MROZEK, TODD","MROZEK, TODD"
"MULLINS, LARRY","MULLINS, LARRY"
"MULLINS, TERRY","MULLINS, TERRY"
"MUMPOWER, JASON","MUMPOWER, JASON"
"MUNDAY, WADE","MUNDAY, WADE"
"MURPHY, JOHN","MURPHY, JOHN"
"MYERS, JONATHAN","MYERS, JONATHAN"
"NAIFEH, JIMMY","NAIFEH, JIMMY"
"NAILS-COLBECK, STEPHANIE","NAILS-COLBECK, STEPHANIE"
"NASH, ROBERT J.","NASH, ROBERT J."
"NEAL, EDDIE","NEAL, EDDIE"
"NEERGAARD, MISTY","NEERGAARD, MISTY"
"NEILL, TOM","NEILL, TOM"
"NELL, ROGER","NELL, ROGER"
"NELSON, EDWARD","NELSON, EDWARD"
"NELSON, JESSE","NELSON, JESSE"
"NELSON(CIRCUIT), KIM","NELSON, KIM R."
"NELSON, KIM R.","NELSON, KIM R."
"NELSON, STEVE","NELSON, STEVE"
"NEW, ROBERT 'BOB'","NEW, ROBERT (BOB)"
"NEWMAN, ANDREW","NEWMAN, ANDREW"
"NEWMAN, ROBERT","NEWMAN, ROBERT"
"NEWSOM, JIM","NEWSOM, JIM"
"NEWTON, J. CHRIS","NEWTON, J. CHRIS"
"NICELEY, FRANK","NICELEY, FRANK"
"NICHOLS, JENNIFER","NICHOLS, JENNIFER"
"NICHOLS, NATHAN S.","NICHOLS, NATHAN S."
"NICHOLS, RANDALL","NICHOLS, RANDALL"
"NICHOLSON, CASEY","NICHOLSON, CASEY"
"NICODEMUS, BARBARA","NICODEMUS, BARBARA"
"NIEDERHAUSER, MIKE","NIEDERHAUSER, MIKE"
"NOLAN, CAITLIN","NOLAN, CAITLIN"
"NORMAN, JOEY","NORMAN, JOEY"
"NORRIS, MARK","NORRIS, MARK"
"NORRIS, MICHELLE","NORRIS, MICHELLE"
"NORTH, EDWARD","NORTH, EDWARD"
"NORTH, PHILLIP L.","NORTH, PHILLIP L."
"NORTHCOTT, CHARLES CRAIG","NORTHCOTT, CHARLES CRAIG"
"NORTHCUTT, KELLY","NORTHCUTT, KELLY"
"NORTON, D.J.","NORTON, D.J."
"OAKES, MARK S.","OAKES, MARK S."
"OAKS, BOB","OAKS, BOB"
"ODOM, GARY","ODOM, GARY"
"OGLES, BRANDON","OGLES, BRANDON"
"OLDHAM, CHRIS","OLDHAM, CHRIS"
"OLITA, KATHRYN","OLITA, KATHRYN"
"OLIVER, III, LOUIS W.","OLIVER, III, LOUIS W."
"ORNDORFF, CHRIS","ORNDORFF, CHRIS"
"ORR, SABRINA JOHNSON","ORR, SABRINA JOHNSON"
"OSBORNE, DEANNA DEBOW","OSBORNE, DEANNA DEBOW"
"OSTER, GINA","OSTER, GINA"
"OVERALL, PARK","OVERALL, PARK"
"OVERBEY, DOUG","OVERBEY, DOUG"
"OVERTON, JOHN","OVERTON, JOHN"
"PAGE, ROGER A.","PAGE, ROGER A."
"PAKIS-GILLON, ADRIENNE","PAKIS-GILLON, ADRIENNE"
"PALMEDO, III, RICHARD PAUL","PALMEDO, III, RICHARD PAUL"
"PARHAM, JEFFREY","PARHAM, JEFFREY"
"PARISH, DONALD E.","PARISH, DONALD E."
"PARK, MATTHEW","PARK, MATTHEW"
"PARKER, ANYA","PARKER, ANYA"
"PARKER, JR., JOHN D.","PARKER, JR., JOHN D."
"PARKER, MARY","PARKER, MARY"
"PARKER, PETE","PARKER, PETE"
"PARKER, RANDALL","PARKER, RANDALL"
"PARKINSON, ANTONIO '2 SHAY'","PARKINSON, ANTONIO"
"PARKS, RICHARD","PARKS, RICHARD"
"PARKS, RICK","PARKS, RICK"
"PARR, DON","PARR, DON"
"PARRISH, LARRY","PARRISH, LARRY"
"PARSONS, KEVIN","PARSONS, KEVIN"
"PARTIN, JOHN","PARTIN, JOHN"
"PATRICK, HERBERT","PATRICK, HERBERT"
"PATRICK, JOHN","PATRICK, JOHN"
"PATTEN, LOU","PATTEN, LOU"
"PATTERSON, BOYD","PATTERSON, BOYD"
"PATTON, BILLY","PATTON, BILLY"
"PATTON, JOHNNY R.","PATTON, JOHNNY R."
"PATTON, ROBERT D. (BOB)","PATTON, ROBERT D. (BOB)"
"PAYNE, III, TILMAN W.","PAYNE, III, TILMAN W."
"PEACH, BILL","PEACH, BILL"
"PEACH, JEFFREY L.","PEACH, JEFFREY L."
"PEARSON, ALEX","PEARSON, ALEX"
"PEDIGO, TOMMY","PEDIGO, TOMMY"
"PEELER, JON","PEELER, JON"
"PELLICCIOTTI, JOHN","PELLICCIOTTI, JOHN"
"PEMBERTON, MICHAEL S.","PEMBERTON, MICHAEL S."
"PENNINGTON, GARY","PENNINGTON, GARY"
"PEPPENHORST, STAN","PEPPENHORST, STAN"
"PEPPERS, RICK","PEPPERS, RICK"
"PERKINS, JEROME","PERKINS, JEROME"
"PERKINS, RUSSELL","PERKINS, RUSSELL"
"PERSON, JR., CURTIS","PERSON, JR., CURTIS"
"PETTIGREW, SCHREE","PETTIGREW, SCHREE"
"PHILLIPS, FRED","PHILLIPS, FRED"
"PHILLIPS, KYLE","PHILLIPS, KYLE"
"PHILLIPS, MARIAH","PHILLIPS, MARIAH"
"PHILLIPS, WILLIAM","PHILLIPS, WILLIAM"
"PHILLIPS-JONES, LORI","PHILLIPS-JONES, LORI"
"PICKENS, JODY","PICKENS, JODY"
"PICKERT, MALLORY","PICKERT, MALLORY"
"PIERCE, WILLIAM G. 'BO'","PIERCE, WILLIAM G. (BO)"
"PINION, PHILLIP","PINION, PHILLIP"
"PINKSTON, NEAL","PINKSTON, NEAL"
"PIRTLE, TIM","PIRTLE, TIM"
"PITMAN, CHARLES","PITMAN, CHARLES"
"PITTS, JOE","PITTS, JOE"
"PIVNICK, LAWRENCE","PIVNICK, LAWRENCE"
"PLEASANT, W. C. (BUBBA)","PLEASANT, W. C. (BUBBA)"
"PLUNK, CLARK","PLUNK, CLARK"
"PODY, MARK","PODY, MARK"
"PODY (HOUSE), MARK","PODY, MARK"
"POE, JAMES","POE, JAMES"
"POLEN, EDWARD","POLEN, EDWARD"
"PORCH, ANDREW","PORCH, ANDREW"
"POSSEL, PATRICIA","POSSEL, PATRICIA"
"POTTER, DALE","POTTER, DALE"
"POTTS, JASON","POTTS, JASON"
"POTVIN, DENNIS","POTVIN, DENNIS"
"POWELL, DANIEL","POWELL, DANIEL"
"POWELL, JASON","POWELL, JASON"
"POWELL (2018), JASON","POWELL, JASON"
"POWELL-DENNIS, RUBY","POWELL-DENNIS, RUBY"
"POWERS, AMOS SCOTT","POWERS, AMOS SCOTT"
"POWERS, BILL","POWERS, BILL"
"POWERS, DENNIS","POWERS, DENNIS"
"POWERS, STEVE","POWERS, STEVE"
"PREWITT, JULIAN","PREWITT, JULIAN"
"PRICE, BRANDI","PRICE, BRANDI"
"PRICE, LELAND L.","PRICE, LELAND L."
"PRICE, RANDALL L.","PRICE, RANDALL L."
"PRICE, SCOTT","PRICE, SCOTT"
"PRIDE, NATHAN","PRIDE, NATHAN"
"PRIDEMORE, JR., CLARENCE E.","PRIDEMORE, JR., CLARENCE E."
"PRIESTLEY, KEITH","PRIESTLEY, KEITH"
"PRIMER, DOMINIQUE","PRIMER, DOMINIQUE"
"PROFFITT, LARRY","PROFFITT, LARRY"
"PRUITT, MARY","PRUITT, MARY"
"PUCKETT, JR., STEVEN D.","PUCKETT, JR., STEVEN D."
"PURINGTON, REBECCA","PURINGTON, REBECCA"
"PUTTBRESE, BRANDON J.","PUTTBRESE, BRANDON J."
"QUILLEN, ANNE F.","QUILLEN, ANNE F."
"RADFORD, BRENDA","RADFORD, BRENDA"
"RAGAN, JOHN","RAGAN, JOHN"
"RAINS, CHARLES","RAINS, CHARLES"
"RAMBO, JOHN C.","RAMBO, JOHN C."
"RAMSEY, BRETT","RAMSEY, BRETT"
"RAMSEY, MARJORIE","RAMSEY, MARJORIE"
"RAMSEY, ROBERT (BOB)","RAMSEY, ROBERT (BOB)"
"RAMSEY, RON","RAMSEY, RON"
"RAMSEY (GOVERNOR), RON","RAMSEY, RON"
"RANDOLPH, IAN","RANDOLPH, IAN L."
"RANDOLPH, IAN L.","RANDOLPH, IAN L."
"RANDOLPH, MATT","RANDOLPH, MATT"
"RANSOM, MARK RODANIAL RAY","RANSOM, MARK RODANIAL RAY"
"RAWLINS TEST, DREW","RAWLINS TEST, DREW"
"RAY, GARY LYNN","RAY, GARY LYNN"
"REDD, WALLACE","REDD, WALLACE"
"REED, CANDACE","REED, CANDACE"
"REED, DEBORAH K.","REED, DEBORAH K."
"REED, KEVIN","REED, KEVIN"
"REEDY, JAY D.","REEDY, JAY D."
"REESOR, JAMES","REESOR, JAMES"
"REEVES, WILLIAM S.","REEVES, WILLIAM S."
"REGULI, CONNIE","REGULI, CONNIE"
"REMUS, HENDRELL","REMUS, HENDRELL"
"RENFROE, MARK","RENFROE, MARK"
"REVLETT, NEIL","REVLETT, NEIL"
"RICE, HOBART L.","RICE, HOBART L."
"RICE, LISA N.","RICE, LISA N."
"RICE, MERYL","RICE, MERYL"
"RICH, BARRETT","RICH, BARRETT"
"RICH, JR., ELBERT (SKIP)","RICH, JR., ELBERT (SKIP)"
"RICHARDS, MICHAEL","RICHARDS, MICHAEL"
"RICHARDSON, III, JIMMY","RICHARDSON, III, JIMMY"
"RICHARDSON, JEANNE","RICHARDSON, JEANNE"
"RICHEY, BRYAN ANDREW","RICHEY, BRYAN ANDREW"
"RIDDLE, AMBER","RIDDLE, AMBER"
"RINKS, RANDY","RINKS, RANDY"
"RITTENBERRY, NICKY","RITTENBERRY, NICKY"
"ROACH, DENNIS (COACH)","ROACH, DENNIS (COACH)"
"ROBERSON, JR., WILLIAM F.","ROBERSON, JR., WILLIAM F."
"ROBERTS, JIM","ROBERTS, JIM"
"ROBERTS, KERRY","ROBERTS, KERRY"
"ROBINSON, BOBBY","ROBINSON, BOBBY"
"ROBINSON, III, ISAAC","ROBINSON, III, ISAAC"
"ROBINSON, JR., PAUL A.","ROBINSON, JR., PAUL A."
"ROBINSON, KATRINA","ROBINSON, KATRINA"
"ROBINSON, ROBERT (BOB)","ROBINSON, ROBERT (BOB)"
"ROCHELLE, BOB","ROCHELLE, BOB"
"RODDY, MARILYN","RODDY, MARILYN"
"ROE, HAL","ROE, HAL"
"ROEK, JACK","ROEK, JACK"
"ROEN, LEAH","ROEN, LEAH"
"ROGERS, COURTENAY","ROGERS, COURTENAY"
"ROGERS, COURTNEY L.","ROGERS, COURTNEY L."
"ROGERS, JEAN ANNE","ROGERS, JEAN ANNE"
"ROGERS, MARK","ROGERS, MARK"
"ROGERS, SYDNEY","ROGERS, SYDNEY"
"ROLAND, TERRY ALLEN","ROLAND, TERRY ALLEN"
"ROLLER, STEVE","ROLLER, STEVE"
"ROOP, THEODORE","ROOP, THEODORE"
"ROSE, PAUL","ROSE, PAUL"
"ROSENBERG, DAVE","ROSENBERG, DAVE"
"ROSS, DAVID W.","ROSS, DAVID W."
"ROSS, MOZELLA T.","ROSS, MOZELLA T."
"ROUNDS, HAROLD","ROUNDS, HAROLD"
"ROWE, GARY","ROWE, GARY"
"ROWLAND, DONNA","ROWLAND, DONNA"
"ROWLAND, ELIZABETH","ROWLAND, ELIZABETH"
"RUDD, TIM","RUDD, TIM"
"RUDDER, IRIS","RUDDER, IRIS"
"RUDOLPH, DAVID","RUDOLPH, DAVID"
"RUPPE, BECKY","RUPPE, BECKY"
"RUSSELL, IVA MICHELLE","RUSSELL, IVA MICHELLE"
"RUSSELL, JAMES F.","RUSSELL, JAMES F."
"RUSSELL, LARRY LOWELL","RUSSELL, LARRY LOWELL"
"RUSSELL, MATTHEW","RUSSELL, MATTHEW"
"RYAL, JAMES","RYAL, JAMES"
"RYE, HOUSTON","RYE, HOUSTON"
"SAFDIE, ROBERT","SAFDIE, ROBERT"
"SAINE, MICHAEL","SAINE, MICHAEL"
"SALINAS, GABBY","SALINAS, GABBY"
"SANDERSON, BILL","SANDERSON, BILL"
"SARGENT, JR., CHARLES","SARGENT, JR., CHARLES"
"SAWYER, HERMAN","SAWYER, HERMAN"
"SAWYER, TAMI (TAMARA)","SAWYER, TAMI (TAMARA)"
"SAXENA, RISHI","SAXENA, RISHI"
"SCHONBAUM, DANIELLE","SCHONBAUM, DANIELLE"
"SCHUTT, ROBERT","SCHUTT, ROBERT"
"SCOTT, BOBBY","SCOTT, BOBBY"
"SCOTT, HEATHER","SCOTT, HEATHER"
"SCOTT, TERRY","SCOTT, TERRY"
"SCRUGGS, GLENN","SCRUGGS, GLENN"
"SEAL, DAVID","SEAL, DAVID"
"SEALE, GARY","SEALE, GARY"
"SEBOURN, CHARLES","SEBOURN, CHARLES"
"SEGROVES, GARTH","SEGROVES, GARTH"
"SELF, BEVERLEY","SELF, BEVERLEY"
"SENTERS, DAVED","SENTERS, DAVED"
"SETTLES, JUSTIN H.","SETTLES, JUSTIN H."
"SEXTON, CAMERON","SEXTON, CAMERON"
"SEXTON, JERRY","SEXTON, JERRY"
"SHACKLETT, BILL","SHACKLETT, BILL"
"SHAFER, HEIDI","SHAFER, HEIDI"
"SHANE, AARON","SHANE, AARON"
"SHARP, BILL","SHARP, BILL"
"SHARP, JACK","SHARP, JACK"
"SHARP, JERRY","SHARP, JERRY"
"SHARP, MIKE","SHARP, MIKE"
"SHAW, JOHNNY","SHAW, JOHNNY"
"SHEKARI, MELODY","SHEKARI, MELODY"
"SHELTON, CLAY","SHELTON, CLAY"
"SHEPARD, DAVID","SHEPARD, DAVID"
"SHEPHARD, JOE M.","SHEPHARD, JOE M."
"SHERRELL, PAUL","SHERRELL, PAUL"
"SHIELDS, JEFFREY","SHIELDS, JEFFREY"
"SHIPLEY, TONY","SHIPLEY, TONY"
"SHOUSE, ED","SHOUSE, ED"
"SHUTT, BOB","SHUTT, BOB"
"SIGLER, CHRISTY","SIGLER, CHRISTY"
"SILER, CHERI KAY","SILER, CHERI KAY"
"SILVERMAN, LEN","SILVERMAN, LEN"
"SILVERTOOTH, NANCY","SILVERTOOTH, NANCY"
"SIMMONS, BARBARA","SIMMONS, BARBARA"
"SIMS, JOY M.","SIMS, JOY M."
"SIRCY, DEAN","SIRCY, DEAN"
"SISKIN, KEITH","SISKIN, KEITH"
"SIVLEY, DALLAS","SIVLEY, DALLAS"
"SIZEMORE, PATRICK","SIZEMORE, PATRICK"
"SKAHAN, PAULA","SKAHAN, PAULA"
"SKIDMORE, MARK","SKIDMORE, MARK"
"SLATER, WILLIAM","SLATER, WILLIAM"
"SLOAN, JON ROY","SLOAN, JON ROY"
"SMITH, CATRINA","SMITH, CATRINA"
"SMITH, CHARLES K.","SMITH, CHARLES K."
"SMITH, D. JACK","SMITH, D. JACK"
"SMITH, DAN","SMITH, DAN"
"SMITH, EDDIE","SMITH, EDDIE"
"SMITH, JENNIFER","SMITH, JENNIFER"
"SMITH, JERRY V.","SMITH, JERRY V."
"SMITH, JOHN ""BIG JOHN""","SMITH, JOHN (BIG JOHN)"
"SMITH, KELLY","SMITH, KELLY"
"SMITH, KEVIN","SMITH, KEVIN"
"SMITH, LORI L.","SMITH, LORI L."
"SMITH, MARK T.","SMITH, MARK T."
"SMITH, MICHAEL E.","SMITH, MICHAEL E."
"SMITH, PAMELA","SMITH, PAMELA"
"SMITH, PHIL","SMITH, PHIL"
"SMITH, ROBIN","SMITH, ROBIN"
"SMITH, SANDY NORRIS","SMITH, SANDY NORRIS"
"SMITH, SARAH","SMITH, SARAH M."
"SMITH, SARAH M.","SMITH, SARAH M."
"SMITH, STEVEN E.","SMITH, STEVEN E."
"SMITH, TERRENCE A.","SMITH, TERRENCE A."
"SMITH, TODD","SMITH, TODD"
"SMITH, VALERIE L.","SMITH, VALERIE L."
"SMOAK, GUY","SMOAK, GUY"
"SMOTHERMAN, EDDIE","SMOTHERMAN, EDDIE"
"SNEED, SUSAN","SNEED, SUSAN"
"SOCKWELL, CHRISTOPHER V.","SOCKWELL, CHRISTOPHER V."
"SOLOMAN, CAROL","SOLOMAN, CAROL"
"SONTANY, JANIS BAIRD","SONTANY, JANIS BAIRD"
"SOTTEK, TOM","SOTTEK, TOM"
"SOUTHERLAND, STEVE","SOUTHERLAND, STEVE"
"SOUTHERN, KYLE","SOUTHERN, KYLE"
"SOWERS, LEE","SOWERS, LEE"
"SPANN, HOLLY","SPANN, HOLLY"
"SPARKS, DEAN","SPARKS, DEAN"
"SPARKS, MICHAEL","SPARKS, MICHAEL"
"SPENCE, JR., ROBERT","SPENCE, JR., ROBERT"
"SPITZER, MIKE","SPITZER, MIKE"
"SPIVEY, BILLY","SPIVEY, BILLY"
"SPRINGER, VINCE","SPRINGER, VINCE"
"STALLINGS, RON","STALLINGS, RON"
"STAMPS, RANDY","STAMPS, RANDY"
"STANLEY, PAUL","STANLEY, PAUL"
"STANSELL, ERIC","STANSELL, ERIC"
"STAPLES, RICK","STAPLES, RICK"
"STARNES, RONNIE","STARNES, RONNIE"
"STATEN, TRAVIS S.","STATEN, TRAVIS S."
"STAUFFER, NEIL","STAUFFER, NEIL"
"STEAKLEY, WILLIAM GARY","STEAKLEY, WILLIAM GARY"
"STEVENS, BRIAN JOSEPH","STEVENS, BRIAN JOSEPH"
"STEVENS, DEBORAH C.","STEVENS, DEBORAH C."
"STEVENS, JOHN","STEVENS, JOHN"
"STEVENS, ROBERT","STEVENS, ROBERT"
"STEWARD, NICK","STEWARD, NICK"
"STEWART, BOBBY","STEWART, BOBBY"
"STEWART, DAVID","STEWART, DAVID"
"STEWART, ERIC","STEWART, ERIC"
"STEWART, FRANK","STEWART, FRANK"
"STEWART, MIKE","STEWART, MIKE"
"STEWART, SLOAN ANDREW","STEWART, SLOAN ANDREW"
"STEWART, TRE","STEWART, TRE"
"STOCKTON, CLIFFORD","STOCKTON, CLIFFORD"
"STOKES(2004), BILLY","STOKES, BILLY"
"STOKES, BILLY J.","STOKES, BILLY"
"STOKES, CASEY","STOKES, CASEY"
"STOLTZFUS, RON","STOLTZFUS, RON"
"STONE, WESLEY","STONE, WESLEY"
"STOUT, CECIL","STOUT, CECIL"
"STOUT, PERRY","STOUT, PERRY"
"STOUT, WILLIAM CLAYTON","STOUT, WILLIAM CLAYTON"
"STOWE, MATT","STOWE, MATT"
"STRADER, PARK (PARKEY)","STRADER, PARK (PARKEY)"
"STREET, STACY L.","STREET, STACY L."
"STROUD, RANDELL","STROUD, RANDELL"
"SUMMERVILLE, JIM","SUMMERVILLE, JIM"
"SURGENOR, MICHAEL","SURGENOR, MICHAEL"
"SUTHERLAND, DEVON J.","SUTHERLAND, DEVON J."
"SVADBA, KEITH","SVADBA, KEITH"
"SWAFFORD, ERIC","SWAFFORD, ERIC"
"SWALLOWS, MATT","SWALLOWS, MATT"
"SWANN, ART","SWANN, ART"
"SWANN (HOUSE), ART","SWANN, ART"
"SWICEGOOD, DUIE","SWICEGOOD, DUIE"
"SWILLING, JUDI RUNIONS","SWILLING, JUDI RUNIONS"
"SWITZER, HOWARD","SWITZER, HOWARD"
"SWORD, STEVEN","SWORD, STEVEN"
"TAFT, LARRY C.","TAFT, LARRY C."
"TAKASAKI, KEN","TAKASAKI, KEN"
"TALLEY, DAMIEN","TALLEY, DAMIEN"
"TATE, REGINALD","TATE, REGINALD"
"TAYLOR-SHELBY, MARY","TAYLOR-SHELBY, MARY"
"TEES, DONNA","TEES, DONNA"
"TEMPLETON, JAI","TEMPLETON, JAI"
"TERRY, GREGORY BRYAN","TERRY, GREGORY BRYAN"
"TESTERMAN, DAVID","TESTERMAN, DAVID"
"THERIAC, JIM","THERIAC, JIM"
"THOMAS, BRANDON","THOMAS, BRANDON"
"THOMAS, GEORGE","THOMAS, GEORGE"
"THOMAS, JACQUELINE ANDERSON","THOMAS, JACQUELINE ANDERSON"
"THOMPSON, BRAD","THOMPSON, BRAD"
"THOMPSON, CHAL","THOMPSON, JOE CHALMERS"
"THOMPSON, HILMAN DWAYNE","THOMPSON, HILMAN DWAYNE"
"THOMPSON (CHANCERY), JOE","THOMPSON, JOE CHALMERS"
"THOMPSON, JON CHALMERS","THOMPSON, JOE CHALMERS"
"THOMPSON, JOE H.","THOMPSON, JOE H."
"THOMPSON, JR., TOM","THOMPSON, JR., TOM"
"THONGNOPNUA, JODA","THONGNOPNUA, JODA"
"THREET, JAMES","THREET, JAMES"
"THROCKMORTON, III, RAY","THROCKMORTON, III, RAY"
"THROCKMORTON, SCOTT","THROCKMORTON, SCOTT"
"THURMAN, RONALD","THURMAN, RONALD"
"TIDWELL, BARRY R.","TIDWELL, BARRY R."
"TIDWELL, JOHN","TIDWELL, JOHN"
"TIFT, SCOTT","TIFT, SCOTT"
"TILLIS, THOMAS R.","TILLIS, THOMAS R."
"TILLMAN, ANDREW R.","TILLMAN, ANDREW R."
"TINDELL, HARRY","TINDELL, HARRY"
"TINSLEY, LUKE","TINSLEY, LUKE"
"TIPPS, TIM","TIPPS, TIM"
"TIPTON, ANITA","TIPTON, ANITA"
"TODD, CHRISTOPHER","TODD, CHRISTOPHER"
"TODD, CURRY","TODD, CURRY"
"TOMASIK, JAMES L.","TOMASIK, JAMES L."
"TOPPINS, MARILYN","TOPPINS, MARILYN"
"TOWNS, JR., JOE","TOWNS, JR., JOE"
"TRACY, JIM","TRACY, JIM"
"TRAIL, LARRY","TRAIL, LARRY"
"TRAVIS, RON","TRAVIS, RON"
"TROTMAN, LES","TROTMAN, LES"
"TRUDELL, KATE","TRUDELL, KATE"
"TUCKER, JESSE","TUCKER, JESSE"
"TURNAGE, MITZI","TURNAGE, MITZI"
"TURNER, BRENDA","TURNER, BRENDA"
"TURNER, II, JAMES C.","TURNER, II, JAMES C."
"TURNER, JAMES","TURNER, JAMES"
"TURNER, JOHNNIE R.","TURNER, JOHNNIE R."
"TURNER, LARRY","TURNER, LARRY"
"TURNER, MICHAEL L. (MIKE)","TURNER, MICHAEL L. (MIKE)"
"TURNER, STEVEN","TURNER, STEVEN"
"TWORK, DANNY R.","TWORK, DANNY R."
"UDEAJA, JOSEPH","UDEAJA, JOSEPH"
"UHLHORN, FRANK","UHLHORN, FRANK"
"VALLEJOS, TOMMY","VALLEJOS, TOMMY"
"VALONE, DAVID","VALONE, DAVID"
"VAN HUSS, MICAH","VAN HUSS, MICAH"
"VANCE, RICHARD (DICK)","VANCE, RICHARD (DICK)"
"VANNOY, JENNIFER","VANNOY, JENNIFER"
"VARNER, NATHANIEL","VARNER, NATHANIEL"
"VAUDT, BETTY","VAUDT, BETTY"
"VAUGHAN, KEVIN","VAUGHAN, KEVIN"
"VAUGHN, MARY R.","VAUGHN, MARY R."
"VAUGHN, NATHAN","VAUGHN, NATHAN"
"VEASEY, RON","VEASEY, RON"
"VEENEMAN, JUDY","VEENEMAN, JUDY"
"VINCENT, JAMES","VINCENT, JAMES"
"VITAL, GREG A.","VITAL, GREG A."
"WADE, GARY","WADE, GARY"
"WAGGONER, DERRICK","WAGGONER, DERRICK"
"WAGGONER, MICHAEL P. (MIKE)","WAGGONER, MICHAEL P. (MIKE)"
"WAGNER, MARY","WAGNER, MARY"
"WALDROP, ROY DONALD","WALDROP, ROY DONALD"
"WALKER, DAN","WALKER, DAN"
"WALKER, JOE","WALKER, JOE"
"WALKER, RANDY M.","WALKER, RANDY M."
"WALL, PEGGY HALL","WALL, PEGGY HALL"
"WALLACE, JENNIFER BUCK","WALLACE, JENNIFER BUCK"
"WALLACE, JOEL","WALLACE, JOEL"
"WALLEY, PAGE","WALLEY, PAGE"
"WALLING, JUSTIN","WALLING, JUSTIN"
"WALSH, MIKE","WALSH, MIKE"
"WALTERS, CASEY","WALTERS, CASEY"
"WAMP, ZACH","WAMP, ZACH"
"WAMPLER, ROBERT A.","WAMPLER, ROBERT A."
"WANG, JOHN","WANG, JOHN"
"WARD, CHARLES G.","WARD, CHARLES G."
"WARD, MARK","WARD, MARK"
"WARNER, MIKE","WARNER, MIKE"
"WARNER, TODD","WARNER, TODD"
"WARREN, ED","WARREN, ED"
"WARRINGTON, CHRISTINE","WARRINGTON, CHRISTINE"
"WARWICK, TREVER","WARWICK, TREVER"
"WASHBURN, JEFFERY T.","WASHBURN, JEFFERY T."
"WASHINGTON, JOYCE","WASHINGTON, JOYCE"
"WATKINS, MONTE","WATKINS, MONTE"
"WATKINS, SAMUEL A. ARTHUR","WATKINS, SAMUEL A. ARTHUR"
"WATSON, BO","WATSON, FOY W. (BO)"
"WATSON, ERIC","WATSON, ERIC"
"WATSON, FOY W. (BO)","WATSON, FOY W. (BO)"
"WATSON (2004), FOY W. (BO)","WATSON, FOY W. (BO)"
"WATTS, BEN","WATTS, BEN"
"WEATHERSPOON, DAVID","WEATHERSPOON, DAVID"
"WEAVER, TERRI LYNN","WEAVER, TERRI LYNN"
"WEBB, VANEDDA PRINCE","WEBB, VANEDDA PRINCE"
"WEBSTER, KAREN D.","WEBSTER, KAREN D."
"WEBSTER, STEVE","WEBSTER, STEVE"
"WEINER, ARNOLD","WEINER, ARNOLD"
"WEIRICH, AMY","WEIRICH, AMY"
"WEISE, BRANDON","WEISE, BRANDON"
"WEISS, ROBERT","WEISS, ROBERT"
"WELCH, GARRY","WELCH, GARRY"
"WELLS, KENNETH L.","WELLS, KENNETH L."
"WEST, JACKSON ""JACK""","WEST, JACKSON (JACK)"
"WEST, JR., BEN","WEST, JR., BEN"
"WESTON, PAMELA O.","WESTON, PAMELA O."
"WHEELER, STAN","WHEELER, STAN"
"WHITAKER, CARL TWO FEATHERS","WHITAKER, CARL (TWO FEATHERS)"
"WHITAKER, LEE CARL","WHITAKER, LEE CARL"
"WHITE, CATHERINE CATE","WHITE, CATHERINE CATE"
"WHITE, DAWN","WHITE, DAWN"
"WHITE, ETHAN","WHITE, ETHAN"
"WHITE, JAMES","WHITE, JAMES"
"WHITE, KAY","WHITE, KAY"
"WHITE, MARK","WHITE, MARK"
"WHITE, SR., CHARLES W.","WHITE, SR., CHARLES W."
"WHITE, WAYNE","WHITE, WAYNE"
"WHITESELL, JR., WILLIAM","WHITESELL, JR., WILLIAM"
"WHITSON, SAM","WHITSON, SAM"
"WICKER, JR., DAVID","WICKER, JR., DAVID"
"WICKS, JEFF","WICKS, JEFFERY H."
"WICKS, JEFFERY H.","WICKS, JEFFERY H."
"WIGGINS, KYLE","WIGGINS, KYLE"
"WILBER, KEN","WILBER, KEN"
"WILBURN, LEIGH","WILBURN, LEIGH"
"WILCHER, MICHAEL SHANE","WILCHER, MICHAEL SHANE"
"WILCOXON, FRED","WILCOXON, FRED"
"WILDER, JOHN","WILDER, JOHN"
"WILDRIDGE, GORDON D.","WILDRIDGE, GORDON D."
"WILKERSON, JOHN","WILKERSON, JOHN"
"WILKINSON, KENNETH","WILKINSON, KENNETH"
"WILKINSON, KHRISTY","WILKINSON, KHRISTY"
"WILKINSON, NICHOLAS A.","WILKINSON, NICHOLAS A."
"WILLIAMS, CHAD","WILLIAMS, CHAD"
"WILLIAMS, CHUCK","WILLIAMS, CHUCK"
"WILLIAMS, DANIEL","WILLIAMS, DANIEL"
"WILLIAMS, DURAN O'BRIAN","WILLIAMS, DURAN O'BRIAN"
"WILLIAMS, JOSEPH","WILLIAMS, JOSEPH"
"WILLIAMS, KEITH","WILLIAMS, KEITH"
"WILLIAMS, LEMON C.","WILLIAMS, LEMON C."
"WILLIAMS, LYNNETTE P.","WILLIAMS, LYNNETTE P."
"WILLIAMS, MICHAEL","WILLIAMS, MICHAEL"
"WILLIAMS, MICHEAL","WILLIAMS, MICHEAL"
"WILLIAMS, MIKE","WILLIAMS, MIKE"
"WILLIAMS, MIKE R.","WILLIAMS, MIKE R."
"WILLIAMS, RYAN","WILLIAMS, RYAN"
"WILLIAMS, SCOTT P.","WILLIAMS, SCOTT P."
"WILLIAMS, W. KENT","WILLIAMS, W. KENT"
"WILLIAMSON, CHARLES","WILLIAMSON, CHARLES"
"WILLIAMSON, SAVANNAH","WILLIAMSON, SAVANNAH"
"WILLIS, MICHAEL","WILLIS, MICHAEL"
"WILMOTH, JOE B.","WILMOTH, JOE B."
"WILSON, HOWARD W.","WILSON, HOWARD W."
"WILSON, RICK","WILSON, RICK"
"WIMBERLY, JR., HAROLD","WIMBERLY, JR., HAROLD"
"WINDER, III, DONALD","WINDER, III, DONALD"
"WINDLE, JOHN MARK","WINDLE, JOHN MARK"
"WINKLE, RIP VAN","WINKLE, RIP VAN"
"WINKLER, JAMIE D.","WINKLER, JAMIE D."
"WINNINGHAM, LESLIE","WINNINGHAM, LESLIE"
"WINTON, MICHAEL","WINTON, MICHAEL"
"WIRGAU, TIMOTHY","WIRGAU, TIMOTHY"
"WISSMAN, MIKE","WISSMAN, MIKE"
"WITHERS, ANDREW  ROME","WITHERS, ANDREW  ROME"
"WOLFE, DAVID D.","WOLFE, DAVID D."
"WOLFE, JOHN","WOLFE, JOHN"
"WOLFE, JR., JAMES","WOLFE, JR., JAMES"
"WOMACK, CHARLES","WOMACK, CHARLES"
"WOMICK, RICK","WOMICK, RICK"
"WOOD, JR., JOHN PAUL","WOOD, JR., JOHN PAUL"
"WOOD, TERESA","WOOD, TERESA"
"WOOD, TOM","WOOD, TOM"
"WOODARD, JAMES","WOODARD, JAMES"
"WOODRUFF, BRANDON","WOODRUFF, BRANDON"
"WOODRUFF, WOODY","WOODRUFF, WOODY"
"WOODSON, JAMIE","WOODSON, JAMIE"
"WOOLSEY, LINDA THOMAS","WOOLSEY, LINDA THOMAS"
"WOOTEN, CEDRICK D.","WOOTEN, CEDRICK D."
"WOOTEN-LEWIS, JOANN","WOOTEN-LEWIS, JOANN"
"WOOTTEN, JR., JOHN D.","WOOTTEN, JR., JOHN D."
"WORLEY, JOHN","WORLEY, JOHN"
"WRIGHT, DAVE","WRIGHT, DAVID"
"WRIGHT, DAVID","WRIGHT, DAVID"
"WRIGHT, JUSTIN","WRIGHT, JUSTIN"
"WRIGHT, MICK","WRIGHT, MICK"
"WRIGHT, STEVE R.","WRIGHT, STEVE R."
"WYNNE, MATT","WYNNE, MATT"
"YAGER, KEN","YAGER, KEN"
"YARBRO, JEFF","YARBRO, JEFF"
"YOAKUM, MARTHA","YOAKUM, MARTHA"
"YOKLEY, EDDIE","YOKLEY, EDDIE"
"YOKLEY, JESSICA B.","YOKLEY, JESSICA B."
"YORK, RANDALL A.","YORK, RANDALL A."
"YORK, TIM","YORK, TIM"
"YOUNG, JONATHAN","YOUNG, JONATHAN"
"YOUNG, KENNY","YOUNG, KENNY"
"YOUNG, PATTI LARIMER","YOUNG, PATTI LARIMER"
"YOUNGLOVE-MINER, SHEILA","YOUNGLOVE-MINER, SHEILA"
"ZACHARY, JASON","ZACHARY, JASON"
"ZACHARY, JOEY","ZACHARY, JOEY"
"ZAVOGIANNIS, LISA","ZAVOGIANNIS, LISA"
"ZELENIK, LOU ANN","ZELENIK, LOU ANN"
"ZELLERS, DAVID","ZELLERS, DAVID"
